date,close_usd_per_oz,volume,thin_day
2011-01-03,31.125,41283,
2011-01-04,29.508,80878,
2011-01-05,29.198,81705,
2011-01-06,29.126,62887,
2011-01-07,28.671,86333,
2011-01-10,28.861,46774,
2011-01-11,29.499,51490,
2011-01-12,29.545,47047,
2011-01-13,29.263,68071,
2011-01-14,28.32,78248,
2011-01-17,28.912,58706,
2011-01-18,28.901,86,yes
2011-01-19,28.801,77586,
2011-01-20,27.473,92814,
2011-01-21,27.427,61642,
2011-01-24,27.321,58437,
2011-01-25,26.805,64485,
2011-01-26,27.128,52175,
2011-01-27,27.031,62547,
2011-01-28,27.919,77481,
2011-01-31,28.169,55100,
2011-02-01,28.514,62568,
2011-02-02,28.289,42636,
2011-02-03,28.728,67109,
2011-02-04,29.059,55833,
2011-02-07,29.343,43062,
2011-02-08,30.271,70215,
2011-02-09,30.276,61613,
2011-02-10,30.094,57500,
2011-02-11,29.995,58902,
2011-02-14,30.534,52913,
2011-02-15,30.696,47594,
2011-02-16,30.629,74566,
2011-02-17,31.57,74863,
2011-02-18,32.296,85991,
2011-02-21,32.862,133686,
2011-02-22,32.864,31,yes
2011-02-23,33.298,91189,
2011-02-24,33.166,83200,
2011-02-25,32.923,61035,
2011-02-28,33.82,56446,
2011-03-01,34.427,55982,
2011-03-02,34.835,51111,
2011-03-03,34.327,63916,
2011-03-04,35.327,62971,
2011-03-07,35.865,83244,
2011-03-08,35.658,68251,
2011-03-09,36.047,62985,
2011-03-10,35.066,79709,
2011-03-11,35.935,97895,
2011-03-14,35.84,55849,
2011-03-15,34.117,105109,
2011-03-16,34.472,80946,
2011-03-17,34.258,56777,
2011-03-18,35.058,58065,
2011-03-21,36.001,50728,
2011-03-22,36.269,58178,
2011-03-23,37.198,61452,
2011-03-24,37.375,93262,
2011-03-25,37.049,70937,
2011-03-28,37.088,60412,
2011-03-29,36.987,56625,
2011-03-30,37.511,69244,
2011-03-31,37.888,52152,
2011-04-01,37.732,75651,
2011-04-04,38.494,47213,
2011-04-05,39.183,79389,
2011-04-06,39.387,72001,
2011-04-07,39.552,62611,
2011-04-08,40.608,69426,
2011-04-11,40.612,114562,
2011-04-12,40.066,122887,
2011-04-13,40.237,87465,
2011-04-14,41.664,99886,
2011-04-15,42.571,109635,
2011-04-18,42.956,149522,
2011-04-19,43.913,105713,
2011-04-20,44.461,141351,
2011-04-21,46.059,141213,
2011-04-25,47.149,225865,
2011-04-26,45.05,181766,
2011-04-27,45.958,170297,
2011-04-28,47.541,170645,
2011-04-29,48.599,95219,
2011-05-02,46.084,177804,
2011-05-03,42.585,162613,
2011-05-04,39.388,161412,
2011-05-05,36.24,195073,
2011-05-06,35.287,178981,
2011-05-09,37.116,96763,
2011-05-10,38.486,89894,
2011-05-11,35.515,137582,
2011-05-12,34.797,149061,
2011-05-13,35.013,114371,
2011-05-16,34.132,81496,
2011-05-17,33.491,81915,
2011-05-18,35.097,73993,
2011-05-19,34.932,61347,
2011-05-20,35.087,69709,
2011-05-23,34.904,41533,
2011-05-24,36.128,78124,
2011-05-25,37.642,79189,
2011-05-26,37.33,78870,
2011-05-27,37.863,48528,
2011-05-30,38.305,57366,
2011-05-31,38.303,55,yes
2011-06-01,37.694,81087,
2011-06-02,36.202,84564,
2011-06-03,36.191,77855,
2011-06-06,36.782,52996,
2011-06-07,37.046,62329,
2011-06-08,36.62,53551,
2011-06-09,37.424,45819,
2011-06-10,36.327,62371,
2011-06-13,34.737,73660,
2011-06-14,35.411,65679,
2011-06-15,35.41,63209,
2011-06-16,35.559,50531,
2011-06-17,35.748,56863,
2011-06-20,36.071,48081,
2011-06-21,36.379,56779,
2011-06-22,36.739,52966,
2011-06-23,35.002,98020,
2011-06-24,34.638,76386,
2011-06-27,33.585,73879,
2011-06-28,33.638,60150,
2011-06-29,34.769,61820,
2011-06-30,34.832,43755,
2011-07-01,33.705,46214,
2011-07-04,35.41,57238,
2011-07-05,35.402,1252,yes
2011-07-06,35.916,63139,
2011-07-07,36.536,48418,
2011-07-08,36.543,44291,
2011-07-11,35.698,56772,
2011-07-12,35.634,58158,
2011-07-13,38.151,89971,
2011-07-14,38.694,78054,
2011-07-15,39.071,54164,
2011-07-18,40.342,71052,
2011-07-19,40.221,75393,
2011-07-20,39.558,66670,
2011-07-21,38.947,71667,
2011-07-22,40.122,54735,
2011-07-25,40.361,62387,
2011-07-26,40.698,51311,
2011-07-27,40.568,77251,
2011-07-28,39.794,55076,
2011-07-29,40.106,45689,
2011-08-01,39.309,44352,
2011-08-02,40.092,45261,
2011-08-03,41.758,74374,
2011-08-04,39.431,113358,
2011-08-05,38.211,85738,
2011-08-08,39.38,72949,
2011-08-09,37.883,90833,
2011-08-10,39.327,63775,
2011-08-11,38.669,56142,
2011-08-12,39.114,31934,
2011-08-15,39.307,31303,
2011-08-16,39.819,41036,
2011-08-17,40.351,46018,
2011-08-18,40.688,47032,
2011-08-19,42.432,72156,
2011-08-22,43.325,77097,
2011-08-23,42.291,95280,
2011-08-24,39.162,104440,
2011-08-25,40.745,88113,
2011-08-26,40.952,73836,
2011-08-29,40.546,43237,
2011-08-30,41.464,45895,
2011-08-31,41.768,37868,
2011-09-01,41.532,27885,
2011-09-02,43.069,39343,
2011-09-05,41.868,66820,
2011-09-06,41.818,421,yes
2011-09-07,41.631,41675,
2011-09-08,42.53,34441,
2011-09-09,41.624,41042,
2011-09-12,40.217,44635,
2011-09-13,41.193,38175,
2011-09-14,40.533,37555,
2011-09-15,39.501,47361,
2011-09-16,40.831,35314,
2011-09-19,39.163,46847,
2011-09-20,40.137,43515,
2011-09-21,40.469,42602,
2011-09-22,36.578,84689,
2011-09-23,30.101,120503,
2011-09-26,29.976,112615,
2011-09-27,31.536,79663,
2011-09-28,30.134,63280,
2011-09-29,30.522,51467,
2011-09-30,30.083,41074,
2011-10-03,30.795,40889,
2011-10-04,29.839,52148,
2011-10-05,30.352,48592,
2011-10-06,32.005,51588,
2011-10-07,30.993,41990,
2011-10-10,31.98,23649,
2011-10-11,31.998,33404,
2011-10-12,32.789,37494,
2011-10-13,31.667,30573,
2011-10-14,32.173,29296,
2011-10-17,31.821,37334,
2011-10-18,31.831,55972,
2011-10-19,31.277,49507,
2011-10-20,30.281,53262,
2011-10-21,31.193,32805,
2011-10-24,31.644,29122,
2011-10-25,33.052,52769,
2011-10-26,33.31,39072,
2011-10-27,35.112,50172,
2011-10-28,35.288,35761,
2011-10-31,34.354,31996,
2011-11-01,32.731,51692,
2011-11-02,33.943,37882,
2011-11-03,34.498,40275,
2011-11-04,34.084,29728,
2011-11-07,34.828,35145,
2011-11-08,35.153,45051,
2011-11-09,34.361,52723,
2011-11-10,34.106,46338,
2011-11-11,34.682,37626,
2011-11-14,34.024,34009,
2011-11-15,34.456,43674,
2011-11-16,33.822,47858,
2011-11-17,31.497,71571,
2011-11-18,32.417,60207,
2011-11-21,31.116,53532,
2011-11-22,32.951,60917,
2011-11-23,31.884,64910,
2011-11-24,31.014,45578,
2011-11-25,31.012,11,yes
2011-11-28,32.161,41025,
2011-11-29,31.95,34558,
2011-11-30,32.804,49804,
2011-12-01,32.759,32523,
2011-12-02,32.686,33546,
2011-12-05,32.372,30957,
2011-12-06,32.744,37193,
2011-12-07,32.627,30969,
2011-12-08,31.538,51194,
2011-12-09,32.253,30861,
2011-12-12,31.002,37744,
2011-12-13,31.26,40300,
2011-12-14,28.935,80388,
2011-12-15,29.274,44295,
2011-12-16,29.671,29657,
2011-12-19,28.874,50533,
2011-12-20,29.536,23979,
2011-12-21,29.249,26237,
2011-12-22,29.047,20236,
2011-12-23,29.084,10066,
2011-12-27,28.74,11568,
2011-12-28,27.234,32357,
2011-12-29,27.315,37097,
2011-12-30,27.915,24891,
