date,close_usd_per_oz,thin_day
2007-08-13,12.855,
2007-08-14,12.748,
2007-08-15,12.555,
2007-08-16,11.495,
2007-08-17,11.8,
2007-08-20,11.735,
2007-08-21,11.51,
2007-08-22,11.565,
2007-08-23,11.64,
2007-08-24,11.94,
2007-09-24,13.64,
2007-09-25,13.62,
2007-09-26,13.545,
2007-09-27,13.645,
2007-09-28,13.92,
2007-10-01,13.855,
2007-10-02,13.45,
2007-10-03,13.47,
2007-11-19,14.16,
2007-11-20,14.5,
2007-11-21,14.42,
2007-11-22,14.53,
2007-11-23,14.735,
2007-11-26,14.83,
2007-11-27,14.485,
2007-11-28,14.335,
2007-11-29,14.445,
2008-01-22,16.105,
2008-01-23,15.97,
2008-01-24,16.333,
2008-01-25,16.49,
2008-01-28,16.75,
2008-01-29,16.8,
2008-01-30,16.76,
2008-01-31,16.995,
2008-02-01,16.87,
2008-02-04,16.78,
2008-02-05,16.345,
2008-02-06,16.55,
2008-02-07,16.775,
2008-02-08,17.11,
2008-02-11,17.47,
2008-02-12,17.25,
2008-02-13,17.353,
2008-02-14,17.255,
2008-02-15,17.118,
2008-02-19,17.508,
2008-02-20,17.76,
2008-02-21,17.95,
2008-02-22,18.035,
2008-02-25,18.085,
2008-02-26,18.72,
2008-02-27,19.21,
2008-02-28,19.71,
2008-02-29,19.915,
2008-03-03,20.18,
2008-03-04,19.84,
2008-03-05,20.785,
2008-03-06,20.225,
2008-03-07,20.25,
2008-06-26,17.125,
2008-06-27,17.71,
2008-06-30,17.51,
2008-07-01,18.29,
2008-07-02,18.425,
2008-07-03,18.37,
2008-07-04,18.2,
2008-08-04,17.14,
2008-08-05,16.572,
2008-08-06,16.505,
2008-08-07,16.257,
2008-08-08,15.33,
2008-08-11,14.62,
2008-08-12,14.485,
2008-08-13,14.845,
2008-08-14,14.23,
2009-11-23,18.61,
2009-11-24,18.455,
2009-11-25,18.768,
2009-11-26,18.335,
2009-11-27,18.302,
2009-11-30,18.525,
2009-12-01,19.21,
2009-12-02,19.325,
2009-12-03,19.128,
2010-10-06,23.043,
2010-10-07,22.584,
2010-10-08,23.105,
2010-10-11,23.349,
2010-10-12,23.147,
2010-10-13,23.932,
2010-10-14,24.435,
2010-10-15,24.288,
2012-01-03,29.572,
2012-01-04,29.097,
2012-01-05,29.296,
2012-01-06,28.683,
2012-01-09,28.782,
2012-01-10,29.815,
2012-01-11,29.89,
2012-01-12,30.124,
2012-01-13,29.522,
2012-01-16,30.135,
2012-01-17,30.106,yes
2012-01-18,30.543,
2012-01-19,30.509,
2012-01-20,31.675,
2013-04-15,23.361,
2013-04-16,23.628,
2013-04-17,23.307,
2013-04-18,23.245,
2013-04-19,22.96,
2013-04-22,23.324,
2013-04-23,22.817,
2013-04-24,22.833,
2013-04-25,24.14,
2013-04-26,23.758,
2013-04-29,24.166,
2013-04-30,24.185,
2013-05-01,23.343,
2013-05-02,23.83,
2013-05-03,24.014,
2013-05-06,23.955,
2013-05-07,23.806,
2013-05-08,23.927,
2013-05-09,23.911,
2013-05-10,23.658,
2013-05-13,23.696,
2013-05-14,23.379,
2013-05-15,22.658,
2013-05-16,22.659,
2013-05-17,22.352,
2013-05-20,22.582,
2013-05-21,22.455,
2013-05-22,22.472,
2013-05-23,22.508,
2013-05-24,22.496,
2013-05-27,22.193,
2013-05-28,22.18,yes
2013-05-29,22.453,
2013-05-30,22.69,
