Etc/UTC,Open,High,Low,Close,Volume
2011-08-05T00:00:00+00:00,38.938,38.967,38.935,38.964,1800000
2011-08-05T00:01:00+00:00,38.964,38.989,38.964,38.977,1160000
2011-08-05T00:02:00+00:00,38.975,39.025,38.975,39.02,1140000
2011-08-05T00:03:00+00:00,39.02,39.053,39.02,39.053,600000
2011-08-05T00:04:00+00:00,39.055,39.065,39.052,39.064,520000
2011-08-05T00:05:00+00:00,39.055,39.07,39.042,39.054,1580000
2011-08-05T00:06:00+00:00,39.054,39.054,39.004,39.004,1020000
2011-08-05T00:07:00+00:00,39.004,39.032,38.998,39.027,800000
2011-08-05T00:08:00+00:00,39.024,39.038,39.004,39.017,1240000
2011-08-05T00:09:00+00:00,39.017,39.023,38.999,39.023,1790000
2011-08-05T00:10:00+00:00,39.023,39.083,39.023,39.082,1600000
2011-08-05T00:11:00+00:00,39.082,39.082,39.06,39.064,1000000
2011-08-05T00:12:00+00:00,39.064,39.065,39.052,39.058,880000
2011-08-05T00:13:00+00:00,39.058,39.058,39.037,39.055,1640000
2011-08-05T00:14:00+00:00,39.053,39.058,39.029,39.039,1380000
2011-08-05T00:15:00+00:00,39.039,39.068,39.025,39.062,1100000
2011-08-05T00:16:00+00:00,39.062,39.062,39.028,39.028,1400000
2011-08-05T00:17:00+00:00,39.028,39.068,39.028,39.055,1200000
2011-08-05T00:18:00+00:00,39.055,39.057,39.044,39.044,840000
2011-08-05T00:19:00+00:00,39.049,39.063,39.049,39.055,1080000
2011-08-05T00:20:00+00:00,39.057,39.067,39.047,39.047,880000
2011-08-05T00:21:00+00:00,39.049,39.074,39.047,39.064,1280000
2011-08-05T00:22:00+00:00,39.064,39.094,39.064,39.085,1160000
2011-08-05T00:23:00+00:00,39.085,39.103,39.082,39.1,800000
2011-08-05T00:24:00+00:00,39.115,39.13,39.114,39.13,520000
2011-08-05T00:25:00+00:00,39.13,39.133,39.113,39.117,800000
2011-08-05T00:26:00+00:00,39.117,39.117,39.109,39.109,520000
2011-08-05T00:27:00+00:00,39.114,39.114,39.109,39.109,500000
2011-08-05T00:28:00+00:00,39.112,39.133,39.112,39.133,960000
2011-08-05T00:29:00+00:00,39.133,39.135,39.129,39.133,200000
2011-08-05T00:30:00+00:00,39.127,39.13,39.127,39.13,280000
2011-08-05T00:31:00+00:00,39.13,39.135,39.122,39.122,520000
2011-08-05T00:32:00+00:00,39.122,39.123,39.089,39.089,1120000
2011-08-05T00:33:00+00:00,39.092,39.114,39.088,39.11,1540000
2011-08-05T00:34:00+00:00,39.11,39.148,39.11,39.148,860000
2011-08-05T00:35:00+00:00,39.148,39.15,39.144,39.144,520000
2011-08-05T00:36:00+00:00,39.143,39.143,39.124,39.143,1070000
2011-08-05T00:37:00+00:00,39.137,39.144,39.119,39.119,640000
2011-08-05T00:38:00+00:00,39.122,39.139,39.12,39.139,560000
2011-08-05T00:39:00+00:00,39.135,39.162,39.135,39.152,920000
2011-08-05T00:40:00+00:00,39.163,39.167,39.149,39.154,1120000
2011-08-05T00:41:00+00:00,39.154,39.154,39.112,39.124,1120000
2011-08-05T00:42:00+00:00,39.122,39.122,39.109,39.113,480000
2011-08-05T00:43:00+00:00,39.112,39.154,39.104,39.153,1120000
2011-08-05T00:44:00+00:00,39.153,39.16,39.109,39.118,1080000
2011-08-05T00:45:00+00:00,39.118,39.12,39.075,39.094,1240000
2011-08-05T00:46:00+00:00,39.093,39.093,39.079,39.09,1120000
2011-08-05T00:47:00+00:00,39.103,39.17,39.103,39.11,1660000
2011-08-05T00:48:00+00:00,39.104,39.11,39.074,39.094,1360000
2011-08-05T00:49:00+00:00,39.1,39.1,39.089,39.1,680000
2011-08-05T00:50:00+00:00,39.093,39.099,39.093,39.099,600000
2011-08-05T00:51:00+00:00,39.099,39.108,39.097,39.108,440000
2011-08-05T00:52:00+00:00,39.108,39.145,39.106,39.135,1680000
2011-08-05T00:53:00+00:00,39.135,39.135,39.119,39.12,1360000
2011-08-05T00:54:00+00:00,39.109,39.109,39.082,39.082,1360000
2011-08-05T00:55:00+00:00,39.082,39.082,39.058,39.08,1520000
2011-08-05T00:56:00+00:00,39.077,39.089,38.992,38.994,1360000
2011-08-05T00:57:00+00:00,38.992,39.028,38.959,38.988,3080000
2011-08-05T00:58:00+00:00,38.984,38.995,38.954,38.99,2500000
2011-08-05T00:59:00+00:00,38.965,39.017,38.964,39.017,1160000
2011-08-05T01:00:00+00:00,39.017,39.017,38.978,38.981,800000
2011-08-05T01:01:00+00:00,39.004,39.032,38.974,39.003,2040000
2011-08-05T01:02:00+00:00,39.01,39.029,38.993,39.029,900000
2011-08-05T01:03:00+00:00,39.032,39.055,38.984,39.002,2100000
2011-08-05T01:04:00+00:00,39.035,39.053,38.971,38.998,2490000
2011-08-05T01:05:00+00:00,38.998,39.038,38.973,38.976,2580000
2011-08-05T01:06:00+00:00,38.997,38.999,38.966,38.988,1200000
2011-08-05T01:07:00+00:00,38.988,38.993,38.94,38.968,1440000
2011-08-05T01:08:00+00:00,38.969,38.974,38.912,38.934,1440000
2011-08-05T01:09:00+00:00,38.945,38.969,38.939,38.968,1440000
2011-08-05T01:10:00+00:00,38.969,38.99,38.969,38.99,520000
2011-08-05T01:11:00+00:00,38.985,38.993,38.982,38.989,720000
2011-08-05T01:12:00+00:00,38.985,38.995,38.984,38.995,1360000
2011-08-05T01:13:00+00:00,38.997,39.003,38.982,38.993,1480000
2011-08-05T01:14:00+00:00,38.989,38.995,38.971,38.993,1180000
2011-08-05T01:15:00+00:00,38.994,38.998,38.989,38.992,520000
2011-08-05T01:16:00+00:00,38.99,38.995,38.989,38.993,2360000
2011-08-05T01:17:00+00:00,39.003,39.003,38.99,38.99,840000
2011-08-05T01:18:00+00:00,38.99,38.995,38.95,38.977,920000
2011-08-05T01:19:00+00:00,38.977,39.025,38.977,39.025,1720000
2011-08-05T01:20:00+00:00,39.025,39.025,38.998,39.018,1880000
2011-08-05T01:21:00+00:00,39.013,39.025,39.013,39.018,480000
2011-08-05T01:22:00+00:00,39.02,39.02,39.004,39.007,1200000
2011-08-05T01:23:00+00:00,39.007,39.008,38.979,38.979,840000
2011-08-05T01:24:00+00:00,38.979,38.983,38.979,38.983,720000
2011-08-05T01:25:00+00:00,38.987,39,38.987,38.999,640000
2011-08-05T01:26:00+00:00,38.999,39.002,38.994,38.997,600000
2011-08-05T01:27:00+00:00,38.997,39,38.993,38.997,280000
2011-08-05T01:28:00+00:00,38.994,39,38.984,38.987,1240000
2011-08-05T01:29:00+00:00,38.987,38.995,38.985,38.99,620000
2011-08-05T01:30:00+00:00,38.988,38.989,38.98,38.98,1040000
2011-08-05T01:31:00+00:00,38.984,38.997,38.977,38.992,1300000
2011-08-05T01:32:00+00:00,38.992,39.029,38.977,39.029,860000
2011-08-05T01:33:00+00:00,39.037,39.039,39.018,39.018,800000
2011-08-05T01:34:00+00:00,39.024,39.054,39.001,39.042,1900000
2011-08-05T01:35:00+00:00,39.036,39.084,39.028,39.083,2030000
2011-08-05T01:36:00+00:00,39.075,39.117,39.064,39.064,2390000
2011-08-05T01:37:00+00:00,39.063,39.08,39.058,39.075,1540000
2011-08-05T01:38:00+00:00,39.075,39.098,39.065,39.08,1100000
2011-08-05T01:39:00+00:00,39.087,39.125,39.087,39.095,1170000
2011-08-05T01:40:00+00:00,39.094,39.103,39.094,39.095,480000
2011-08-05T01:41:00+00:00,39.095,39.112,39.094,39.104,1750000
2011-08-05T01:42:00+00:00,39.118,39.118,39.078,39.11,1750000
2011-08-05T01:43:00+00:00,39.11,39.119,39.062,39.099,1690000
2011-08-05T01:44:00+00:00,39.098,39.113,39.095,39.095,970000
2011-08-05T01:45:00+00:00,39.095,39.164,39.095,39.164,1560000
2011-08-05T01:46:00+00:00,39.164,39.194,39.16,39.193,1800000
2011-08-05T01:47:00+00:00,39.184,39.184,39.154,39.158,680000
2011-08-05T01:48:00+00:00,39.163,39.179,39.132,39.167,2130000
2011-08-05T01:49:00+00:00,39.172,39.182,39.169,39.18,440000
2011-08-05T01:50:00+00:00,39.183,39.183,39.17,39.18,1640000
2011-08-05T01:51:00+00:00,39.178,39.215,39.178,39.213,1190000
2011-08-05T01:52:00+00:00,39.214,39.265,39.214,39.265,2090000
2011-08-05T01:53:00+00:00,39.263,39.263,39.229,39.248,2050000
2011-08-05T01:54:00+00:00,39.258,39.3,39.252,39.29,1600000
2011-08-05T01:55:00+00:00,39.29,39.295,39.269,39.273,1550000
2011-08-05T01:56:00+00:00,39.275,39.3,39.274,39.289,1950000
2011-08-05T01:57:00+00:00,39.289,39.293,39.27,39.29,1270000
2011-08-05T01:58:00+00:00,39.29,39.314,39.29,39.314,620000
2011-08-05T01:59:00+00:00,39.313,39.355,39.29,39.292,2400000
2011-08-05T02:00:00+00:00,39.295,39.295,39.279,39.294,1360000
2011-08-05T02:01:00+00:00,39.298,39.303,39.292,39.292,1240000
2011-08-05T02:02:00+00:00,39.294,39.294,39.284,39.284,470000
2011-08-05T02:03:00+00:00,39.293,39.293,39.254,39.26,890000
2011-08-05T02:04:00+00:00,39.263,39.264,39.249,39.253,920000
2011-08-05T02:05:00+00:00,39.254,39.263,39.254,39.259,320000
2011-08-05T02:06:00+00:00,39.263,39.268,39.262,39.264,1720000
2011-08-05T02:07:00+00:00,39.263,39.303,39.263,39.297,1560000
2011-08-05T02:08:00+00:00,39.297,39.304,39.274,39.28,1150000
2011-08-05T02:09:00+00:00,39.282,39.293,39.279,39.285,490000
2011-08-05T02:10:00+00:00,39.283,39.284,39.278,39.284,360000
2011-08-05T02:11:00+00:00,39.282,39.285,39.279,39.285,520000
2011-08-05T02:12:00+00:00,39.284,39.284,39.275,39.283,420000
2011-08-05T02:13:00+00:00,39.28,39.28,39.265,39.273,960000
2011-08-05T02:14:00+00:00,39.273,39.28,39.262,39.274,1770000
2011-08-05T02:15:00+00:00,39.274,39.274,39.262,39.262,1510000
2011-08-05T02:16:00+00:00,39.262,39.268,39.249,39.249,770000
2011-08-05T02:17:00+00:00,39.249,39.249,39.239,39.249,420000
2011-08-05T02:18:00+00:00,39.249,39.249,39.244,39.244,160000
2011-08-05T02:19:00+00:00,39.235,39.242,39.23,39.242,140000
2011-08-05T02:20:00+00:00,39.242,39.265,39.242,39.262,680000
2011-08-05T02:21:00+00:00,39.262,39.262,39.244,39.247,500000
2011-08-05T02:22:00+00:00,39.247,39.264,39.247,39.253,420000
2011-08-05T02:23:00+00:00,39.253,39.253,39.238,39.239,720000
2011-08-05T02:24:00+00:00,39.236,39.24,39.208,39.239,1040000
2011-08-05T02:25:00+00:00,39.239,39.239,39.224,39.233,530000
2011-08-05T02:26:00+00:00,39.233,39.238,39.222,39.238,760000
2011-08-05T02:27:00+00:00,39.228,39.237,39.228,39.237,170000
2011-08-05T02:28:00+00:00,39.234,39.234,39.226,39.226,270000
2011-08-05T02:29:00+00:00,39.226,39.257,39.226,39.245,930000
2011-08-05T02:30:00+00:00,39.245,39.272,39.245,39.247,1090000
2011-08-05T02:31:00+00:00,39.247,39.273,39.247,39.273,740000
2011-08-05T02:32:00+00:00,39.279,39.287,39.268,39.268,1570000
2011-08-05T02:33:00+00:00,39.268,39.273,39.257,39.269,1160000
2011-08-05T02:34:00+00:00,39.267,39.269,39.244,39.265,1140000
2011-08-05T02:35:00+00:00,39.265,39.265,39.233,39.234,970000
2011-08-05T02:36:00+00:00,39.234,39.234,39.214,39.215,1360000
2011-08-05T02:37:00+00:00,39.215,39.215,39.195,39.21,1240000
2011-08-05T02:38:00+00:00,39.21,39.237,39.21,39.228,1080000
2011-08-05T02:39:00+00:00,39.218,39.233,39.218,39.233,90000
2011-08-05T02:40:00+00:00,39.234,39.244,39.234,39.24,440000
2011-08-05T02:41:00+00:00,39.237,39.272,39.237,39.272,470000
2011-08-05T02:42:00+00:00,39.275,39.278,39.25,39.253,970000
2011-08-05T02:43:00+00:00,39.253,39.27,39.249,39.267,1170000
2011-08-05T02:44:00+00:00,39.267,39.277,39.265,39.277,680000
2011-08-05T02:45:00+00:00,39.282,39.284,39.277,39.284,590000
2011-08-05T02:46:00+00:00,39.283,39.323,39.28,39.28,1690000
2011-08-05T02:47:00+00:00,39.292,39.297,39.26,39.26,730000
2011-08-05T02:48:00+00:00,39.26,39.288,39.24,39.268,1030000
2011-08-05T02:49:00+00:00,39.264,39.268,39.262,39.262,520000
2011-08-05T02:50:00+00:00,39.265,39.275,39.26,39.268,1010000
2011-08-05T02:51:00+00:00,39.268,39.282,39.262,39.274,1080000
2011-08-05T02:52:00+00:00,39.272,39.272,39.255,39.26,690000
2011-08-05T02:53:00+00:00,39.254,39.258,39.25,39.258,320000
2011-08-05T02:54:00+00:00,39.258,39.258,39.252,39.254,320000
2011-08-05T02:55:00+00:00,39.25,39.25,39.241,39.242,490000
2011-08-05T02:56:00+00:00,39.245,39.245,39.24,39.24,400000
2011-08-05T02:57:00+00:00,39.235,39.254,39.235,39.238,380000
2011-08-05T02:58:00+00:00,39.253,39.254,39.244,39.249,600000
2011-08-05T02:59:00+00:00,39.252,39.252,39.247,39.247,200000
2011-08-05T03:00:00+00:00,39.253,39.255,39.253,39.255,280000
2011-08-05T03:01:00+00:00,39.257,39.257,39.248,39.252,450000
2011-08-05T03:02:00+00:00,39.252,39.268,39.252,39.257,900000
2011-08-05T03:03:00+00:00,39.254,39.254,39.244,39.252,1320000
2011-08-05T03:04:00+00:00,39.254,39.255,39.244,39.255,840000
2011-08-05T03:05:00+00:00,39.255,39.257,39.252,39.252,320000
2011-08-05T03:06:00+00:00,39.257,39.272,39.249,39.272,790000
2011-08-05T03:07:00+00:00,39.274,39.282,39.263,39.263,370000
2011-08-05T03:08:00+00:00,39.263,39.268,39.253,39.268,220000
2011-08-05T03:09:00+00:00,39.265,39.267,39.254,39.264,860000
2011-08-05T03:10:00+00:00,39.268,39.268,39.262,39.262,320000
2011-08-05T03:11:00+00:00,39.262,39.265,39.253,39.265,550000
2011-08-05T03:12:00+00:00,39.267,39.284,39.264,39.284,460000
2011-08-05T03:13:00+00:00,39.284,39.324,39.284,39.324,550000
2011-08-05T03:14:00+00:00,39.324,39.334,39.322,39.322,340000
2011-08-05T03:15:00+00:00,39.32,39.338,39.309,39.323,1850000
2011-08-05T03:16:00+00:00,39.317,39.328,39.307,39.319,1800000
2011-08-05T03:17:00+00:00,39.319,39.319,39.31,39.31,420000
2011-08-05T03:18:00+00:00,39.327,39.327,39.317,39.317,460000
2011-08-05T03:19:00+00:00,39.317,39.344,39.317,39.344,360000
2011-08-05T03:20:00+00:00,39.342,39.344,39.307,39.31,2370000
2011-08-05T03:21:00+00:00,39.318,39.318,39.304,39.315,920000
2011-08-05T03:22:00+00:00,39.309,39.313,39.308,39.312,530000
2011-08-05T03:23:00+00:00,39.312,39.312,39.297,39.297,440000
2011-08-05T03:24:00+00:00,39.299,39.299,39.294,39.294,640000
2011-08-05T03:25:00+00:00,39.297,39.302,39.297,39.302,280000
2011-08-05T03:26:00+00:00,39.293,39.293,39.286,39.286,90000
2011-08-05T03:27:00+00:00,39.299,39.302,39.294,39.299,640000
2011-08-05T03:28:00+00:00,39.302,39.332,39.302,39.332,840000
2011-08-05T03:29:00+00:00,39.33,39.33,39.278,39.284,1130000
2011-08-05T03:30:00+00:00,39.284,39.308,39.284,39.29,990000
2011-08-05T03:31:00+00:00,39.287,39.287,39.25,39.257,1410000
2011-08-05T03:32:00+00:00,39.258,39.262,39.234,39.262,1340000
2011-08-05T03:33:00+00:00,39.268,39.27,39.187,39.209,990000
2011-08-05T03:34:00+00:00,39.185,39.228,39.165,39.203,1340000
2011-08-05T03:35:00+00:00,39.207,39.207,39.207,39.207,80000
2011-08-05T03:36:00+00:00,39.177,39.177,39.173,39.173,110000
2011-08-05T03:37:00+00:00,39.178,39.193,39.178,39.193,80000
2011-08-05T03:38:00+00:00,39.218,39.224,39.19,39.223,560000
2011-08-05T03:39:00+00:00,39.212,39.212,39.185,39.212,370000
2011-08-05T03:40:00+00:00,39.186,39.235,39.186,39.229,870000
2011-08-05T03:41:00+00:00,39.227,39.227,39.177,39.177,640000
2011-08-05T03:42:00+00:00,39.175,39.204,39.171,39.18,1470000
2011-08-05T03:43:00+00:00,39.18,39.18,39.174,39.174,380000
2011-08-05T03:44:00+00:00,39.177,39.188,39.174,39.188,600000
2011-08-05T03:45:00+00:00,39.184,39.188,39.175,39.179,1200000
2011-08-05T03:46:00+00:00,39.17,39.17,39.153,39.164,550000
2011-08-05T03:47:00+00:00,39.164,39.173,39.164,39.167,380000
2011-08-05T03:48:00+00:00,39.164,39.164,39.154,39.159,290000
2011-08-05T03:49:00+00:00,39.159,39.165,39.159,39.162,560000
2011-08-05T03:50:00+00:00,39.16,39.16,39.153,39.154,420000
2011-08-05T03:51:00+00:00,39.154,39.178,39.124,39.124,1330000
2011-08-05T03:52:00+00:00,39.128,39.128,39.044,39.06,1930000
2011-08-05T03:53:00+00:00,39.062,39.065,39.057,39.065,1480000
2011-08-05T03:54:00+00:00,39.062,39.09,39.062,39.09,520000
2011-08-05T03:55:00+00:00,39.09,39.099,39.09,39.093,480000
2011-08-05T03:56:00+00:00,39.133,39.143,39.119,39.119,1170000
2011-08-05T03:57:00+00:00,39.119,39.173,39.117,39.173,1260000
2011-08-05T03:58:00+00:00,39.17,39.17,39.129,39.129,1280000
2011-08-05T03:59:00+00:00,39.128,39.128,39.122,39.122,440000
2011-08-05T04:00:00+00:00,39.112,39.145,39.108,39.142,410000
2011-08-05T04:01:00+00:00,39.144,39.158,39.104,39.149,1650000
2011-08-05T04:02:00+00:00,39.149,39.152,39.147,39.147,320000
2011-08-05T04:03:00+00:00,39.149,39.149,39.114,39.114,1020000
2011-08-05T04:04:00+00:00,39.105,39.105,39.092,39.092,230000
2011-08-05T04:05:00+00:00,39.087,39.09,39.058,39.058,1240000
2011-08-05T04:06:00+00:00,39.055,39.055,39.032,39.05,950000
2011-08-05T04:07:00+00:00,39.048,39.055,39.047,39.052,840000
2011-08-05T04:08:00+00:00,39.058,39.058,39.043,39.043,680000
2011-08-05T04:09:00+00:00,39.043,39.058,39.041,39.041,1530000
2011-08-05T04:10:00+00:00,39.05,39.055,39.042,39.05,1140000
2011-08-05T04:11:00+00:00,39.05,39.055,39.037,39.038,1740000
2011-08-05T04:12:00+00:00,39.045,39.053,39.04,39.048,790000
2011-08-05T04:13:00+00:00,39.052,39.055,39.052,39.055,80000
2011-08-05T04:14:00+00:00,39.045,39.045,39.039,39.039,70000
2011-08-05T04:15:00+00:00,39.038,39.057,39.038,39.055,150000
2011-08-05T04:16:00+00:00,39.057,39.109,39.057,39.105,850000
2011-08-05T04:17:00+00:00,39.107,39.107,39.08,39.088,590000
2011-08-05T04:18:00+00:00,39.089,39.092,39.064,39.067,770000
2011-08-05T04:19:00+00:00,39.068,39.073,39.06,39.06,550000
2011-08-05T04:20:00+00:00,39.06,39.063,39.04,39.04,1000000
2011-08-05T04:21:00+00:00,39.04,39.04,39.033,39.033,110000
2011-08-05T04:22:00+00:00,39.033,39.039,39.03,39.03,260000
2011-08-05T04:23:00+00:00,39.034,39.052,39.033,39.033,1170000
2011-08-05T04:24:00+00:00,39.032,39.043,39.032,39.042,1040000
2011-08-05T04:25:00+00:00,39.042,39.042,39.024,39.033,590000
2011-08-05T04:26:00+00:00,39.033,39.033,39.032,39.032,200000
2011-08-05T04:27:00+00:00,39.029,39.043,39.016,39.023,600000
2011-08-05T04:28:00+00:00,39.025,39.025,39.019,39.019,280000
2011-08-05T04:29:00+00:00,39.019,39.036,39.019,39.022,670000
2011-08-05T04:30:00+00:00,39.032,39.033,38.984,38.989,3010000
2011-08-05T04:31:00+00:00,38.989,39.003,38.934,38.992,3980000
2011-08-05T04:32:00+00:00,38.994,39.063,38.973,39.043,3810000
2011-08-05T04:33:00+00:00,39.084,39.102,39.045,39.064,3520000
2011-08-05T04:34:00+00:00,39.041,39.077,39.035,39.063,2590000
2011-08-05T04:35:00+00:00,39.064,39.097,39.04,39.097,1810000
2011-08-05T04:36:00+00:00,39.097,39.099,39.055,39.071,3090000
2011-08-05T04:37:00+00:00,39.098,39.135,39.056,39.107,2330000
2011-08-05T04:38:00+00:00,39.133,39.157,39.105,39.135,1720000
2011-08-05T04:39:00+00:00,39.155,39.155,39.095,39.119,3430000
2011-08-05T04:40:00+00:00,39.103,39.14,39.075,39.117,5040000
2011-08-05T04:41:00+00:00,39.123,39.209,39.118,39.193,3030000
2011-08-05T04:42:00+00:00,39.196,39.297,39.195,39.268,3020000
2011-08-05T04:43:00+00:00,39.268,39.307,39.262,39.295,3670000
2011-08-05T04:44:00+00:00,39.295,39.295,39.228,39.228,3420000
2011-08-05T04:45:00+00:00,39.223,39.302,39.213,39.237,3640000
2011-08-05T04:46:00+00:00,39.237,39.252,39.212,39.24,2830000
2011-08-05T04:47:00+00:00,39.238,39.239,39.17,39.172,3450000
2011-08-05T04:48:00+00:00,39.172,39.189,39.154,39.158,2900000
2011-08-05T04:49:00+00:00,39.154,39.154,39.127,39.142,2370000
2011-08-05T04:50:00+00:00,39.144,39.173,39.139,39.154,2350000
2011-08-05T04:51:00+00:00,39.154,39.154,39.128,39.144,2070000
2011-08-05T04:52:00+00:00,39.144,39.144,39.079,39.094,3600000
2011-08-05T04:53:00+00:00,39.1,39.143,39.083,39.083,3400000
2011-08-05T04:54:00+00:00,39.082,39.114,39.067,39.108,2820000
2011-08-05T04:55:00+00:00,39.109,39.123,39.079,39.079,2160000
2011-08-05T04:56:00+00:00,39.083,39.104,39.08,39.102,1440000
2011-08-05T04:57:00+00:00,39.102,39.158,39.092,39.15,2140000
2011-08-05T04:58:00+00:00,39.147,39.154,39.11,39.112,2550000
2011-08-05T04:59:00+00:00,39.115,39.118,39.093,39.105,1700000
2011-08-05T05:00:00+00:00,39.099,39.16,39.095,39.16,2070000
2011-08-05T05:01:00+00:00,39.153,39.168,39.135,39.168,1160000
2011-08-05T05:02:00+00:00,39.159,39.193,39.135,39.159,2840000
2011-08-05T05:03:00+00:00,39.157,39.163,39.116,39.147,2590000
2011-08-05T05:04:00+00:00,39.147,39.16,39.116,39.158,2570000
2011-08-05T05:05:00+00:00,39.136,39.168,39.135,39.165,2040000
2011-08-05T05:06:00+00:00,39.168,39.21,39.15,39.21,2310000
2011-08-05T05:07:00+00:00,39.19,39.209,39.165,39.192,1690000
2011-08-05T05:08:00+00:00,39.17,39.215,39.17,39.181,2430000
2011-08-05T05:09:00+00:00,39.181,39.2,39.161,39.168,680000
2011-08-05T05:10:00+00:00,39.169,39.189,39.155,39.189,1410000
2011-08-05T05:11:00+00:00,39.193,39.2,39.177,39.179,1480000
2011-08-05T05:12:00+00:00,39.182,39.204,39.178,39.178,2030000
2011-08-05T05:13:00+00:00,39.177,39.177,39.135,39.144,2120000
2011-08-05T05:14:00+00:00,39.143,39.148,39.109,39.109,2480000
2011-08-05T05:15:00+00:00,39.113,39.118,39.096,39.118,1800000
2011-08-05T05:16:00+00:00,39.119,39.137,39.119,39.133,1260000
2011-08-05T05:17:00+00:00,39.13,39.152,39.122,39.152,1280000
2011-08-05T05:18:00+00:00,39.152,39.153,39.135,39.153,1720000
2011-08-05T05:19:00+00:00,39.153,39.185,39.153,39.185,1760000
2011-08-05T05:20:00+00:00,39.185,39.185,39.157,39.158,880000
2011-08-05T05:21:00+00:00,39.155,39.155,39.135,39.144,640000
2011-08-05T05:22:00+00:00,39.144,39.169,39.144,39.169,1050000
2011-08-05T05:23:00+00:00,39.172,39.175,39.159,39.159,1080000
2011-08-05T05:24:00+00:00,39.158,39.169,39.157,39.167,1080000
2011-08-05T05:25:00+00:00,39.17,39.174,39.168,39.168,400000
2011-08-05T05:26:00+00:00,39.168,39.168,39.149,39.149,480000
2011-08-05T05:27:00+00:00,39.149,39.157,39.145,39.157,1160000
2011-08-05T05:28:00+00:00,39.16,39.167,39.158,39.164,720000
2011-08-05T05:29:00+00:00,39.163,39.165,39.155,39.158,640000
2011-08-05T05:30:00+00:00,39.155,39.155,39.135,39.143,720000
2011-08-05T05:31:00+00:00,39.148,39.149,39.125,39.14,640000
2011-08-05T05:32:00+00:00,39.126,39.138,39.119,39.119,440000
2011-08-05T05:33:00+00:00,39.125,39.129,39.114,39.118,560000
2011-08-05T05:34:00+00:00,39.115,39.157,39.112,39.147,1680000
2011-08-05T05:35:00+00:00,39.16,39.16,39.129,39.133,1320000
2011-08-05T05:36:00+00:00,39.134,39.134,39.097,39.098,1330000
2011-08-05T05:37:00+00:00,39.098,39.115,39.091,39.095,1780000
2011-08-05T05:38:00+00:00,39.098,39.099,39.098,39.098,160000
2011-08-05T05:39:00+00:00,39.099,39.11,39.099,39.105,1080000
2011-08-05T05:40:00+00:00,39.109,39.115,39.105,39.107,560000
2011-08-05T05:41:00+00:00,39.11,39.113,39.088,39.112,1110000
2011-08-05T05:42:00+00:00,39.112,39.119,39.112,39.119,320000
2011-08-05T05:43:00+00:00,39.125,39.175,39.119,39.174,2600000
2011-08-05T05:44:00+00:00,39.174,39.183,39.139,39.16,2570000
2011-08-05T05:45:00+00:00,39.163,39.199,39.163,39.193,1540000
2011-08-05T05:46:00+00:00,39.193,39.212,39.179,39.18,1630000
2011-08-05T05:47:00+00:00,39.178,39.19,39.177,39.184,560000
2011-08-05T05:48:00+00:00,39.184,39.203,39.149,39.155,2980000
2011-08-05T05:49:00+00:00,39.152,39.203,39.152,39.199,2280000
2011-08-05T05:50:00+00:00,39.198,39.208,39.198,39.202,1480000
2011-08-05T05:51:00+00:00,39.204,39.224,39.198,39.224,1520000
2011-08-05T05:52:00+00:00,39.222,39.247,39.206,39.22,1640000
2011-08-05T05:53:00+00:00,39.238,39.295,39.23,39.279,2400000
2011-08-05T05:54:00+00:00,39.279,39.279,39.224,39.224,1480000
2011-08-05T05:55:00+00:00,39.237,39.262,39.215,39.262,2270000
2011-08-05T05:56:00+00:00,39.263,39.31,39.233,39.284,3830000
2011-08-05T05:57:00+00:00,39.282,39.294,39.26,39.272,1800000
2011-08-05T05:58:00+00:00,39.273,39.28,39.268,39.268,1440000
2011-08-05T05:59:00+00:00,39.269,39.33,39.269,39.328,3670000
2011-08-05T06:00:00+00:00,39.33,39.409,39.328,39.409,3320000
2011-08-05T06:01:00+00:00,39.413,39.413,39.316,39.37,2630000
2011-08-05T06:02:00+00:00,39.37,39.374,39.345,39.353,2630000
2011-08-05T06:03:00+00:00,39.353,39.368,39.345,39.368,2080000
2011-08-05T06:04:00+00:00,39.368,39.385,39.35,39.358,1720000
2011-08-05T06:05:00+00:00,39.359,39.38,39.335,39.36,2970000
2011-08-05T06:06:00+00:00,39.36,39.429,39.355,39.389,3320000
2011-08-05T06:07:00+00:00,39.386,39.419,39.38,39.4,3050000
2011-08-05T06:08:00+00:00,39.415,39.433,39.385,39.429,2600000
2011-08-05T06:09:00+00:00,39.411,39.444,39.406,39.439,2580000
2011-08-05T06:10:00+00:00,39.433,39.438,39.364,39.375,4220000
2011-08-05T06:11:00+00:00,39.375,39.375,39.293,39.293,3820000
2011-08-05T06:12:00+00:00,39.294,39.304,39.26,39.265,2540000
2011-08-05T06:13:00+00:00,39.27,39.343,39.267,39.293,2490000
2011-08-05T06:14:00+00:00,39.294,39.362,39.294,39.362,2380000
2011-08-05T06:15:00+00:00,39.362,39.362,39.294,39.319,3470000
2011-08-05T06:16:00+00:00,39.323,39.323,39.3,39.308,1560000
2011-08-05T06:17:00+00:00,39.308,39.352,39.285,39.352,2990000
2011-08-05T06:18:00+00:00,39.352,39.389,39.349,39.363,1620000
2011-08-05T06:19:00+00:00,39.365,39.398,39.364,39.365,2110000
2011-08-05T06:20:00+00:00,39.367,39.369,39.345,39.345,1320000
2011-08-05T06:21:00+00:00,39.355,39.378,39.35,39.368,2660000
2011-08-05T06:22:00+00:00,39.365,39.365,39.329,39.329,1040000
2011-08-05T06:23:00+00:00,39.329,39.329,39.29,39.297,1960000
2011-08-05T06:24:00+00:00,39.29,39.308,39.289,39.299,1860000
2011-08-05T06:25:00+00:00,39.307,39.317,39.294,39.31,2240000
2011-08-05T06:26:00+00:00,39.313,39.322,39.297,39.309,1310000
2011-08-05T06:27:00+00:00,39.314,39.343,39.307,39.325,2360000
2011-08-05T06:28:00+00:00,39.329,39.342,39.276,39.289,2280000
2011-08-05T06:29:00+00:00,39.29,39.302,39.242,39.242,2480000
2011-08-05T06:30:00+00:00,39.234,39.26,39.226,39.237,1520000
2011-08-05T06:31:00+00:00,39.226,39.237,39.193,39.202,1440000
2011-08-05T06:32:00+00:00,39.202,39.235,39.191,39.235,1790000
2011-08-05T06:33:00+00:00,39.235,39.24,39.215,39.238,1290000
2011-08-05T06:34:00+00:00,39.234,39.244,39.19,39.203,1320000
2011-08-05T06:35:00+00:00,39.202,39.208,39.098,39.098,2920000
2011-08-05T06:36:00+00:00,39.098,39.1,39.008,39.1,4050000
2011-08-05T06:37:00+00:00,39.098,39.132,39.064,39.132,3780000
2011-08-05T06:38:00+00:00,39.135,39.139,39.034,39.034,3730000
2011-08-05T06:39:00+00:00,39.03,39.03,38.927,38.944,3320000
2011-08-05T06:40:00+00:00,38.944,38.972,38.875,38.953,3130000
2011-08-05T06:41:00+00:00,38.968,38.974,38.945,38.969,2250000
2011-08-05T06:42:00+00:00,38.962,39.027,38.962,39.02,2480000
2011-08-05T06:43:00+00:00,39.02,39.048,39.02,39.044,1840000
2011-08-05T06:44:00+00:00,39.044,39.05,39.006,39.017,3400000
2011-08-05T06:45:00+00:00,39.017,39.033,39.011,39.014,2120000
2011-08-05T06:46:00+00:00,39.023,39.098,39.001,39.094,2810000
2011-08-05T06:47:00+00:00,39.092,39.109,39.074,39.077,2130000
2011-08-05T06:48:00+00:00,39.077,39.115,39.073,39.085,2550000
2011-08-05T06:49:00+00:00,39.082,39.085,39.027,39.068,3690000
2011-08-05T06:50:00+00:00,39.073,39.134,39.07,39.134,2700000
2011-08-05T06:51:00+00:00,39.144,39.18,39.115,39.147,3580000
2011-08-05T06:52:00+00:00,39.144,39.148,39.083,39.095,2310000
2011-08-05T06:53:00+00:00,39.08,39.093,39.028,39.05,1890000
2011-08-05T06:54:00+00:00,39.054,39.058,39.013,39.013,2970000
2011-08-05T06:55:00+00:00,39.018,39.025,38.959,39.001,3940000
2011-08-05T06:56:00+00:00,38.994,39.043,38.982,39.008,2660000
2011-08-05T06:57:00+00:00,39.012,39.02,38.927,38.934,2090000
2011-08-05T06:58:00+00:00,38.933,38.939,38.902,38.937,1910000
2011-08-05T06:59:00+00:00,38.937,38.965,38.934,38.965,1890000
2011-08-05T07:00:00+00:00,38.965,39.01,38.963,38.992,2260000
2011-08-05T07:01:00+00:00,38.992,38.992,38.926,38.926,1920000
2011-08-05T07:02:00+00:00,38.925,39.03,38.925,39.001,2670000
2011-08-05T07:03:00+00:00,39.001,39.019,38.983,38.983,1430000
2011-08-05T07:04:00+00:00,38.984,38.997,38.973,38.974,1530000
2011-08-05T07:05:00+00:00,38.977,38.982,38.949,38.982,3000000
2011-08-05T07:06:00+00:00,38.994,39.012,38.953,39.012,3100000
2011-08-05T07:07:00+00:00,39.01,39.132,39.004,39.107,3700000
2011-08-05T07:08:00+00:00,39.094,39.138,39.086,39.088,2550000
2011-08-05T07:09:00+00:00,39.084,39.124,39.04,39.043,2860000
2011-08-05T07:10:00+00:00,39.053,39.087,39.053,39.08,2730000
2011-08-05T07:11:00+00:00,39.072,39.084,39.035,39.058,1700000
2011-08-05T07:12:00+00:00,39.059,39.168,39.059,39.168,2610000
2011-08-05T07:13:00+00:00,39.144,39.214,39.144,39.207,4550000
2011-08-05T07:14:00+00:00,39.205,39.207,39.174,39.204,2840000
2011-08-05T07:15:00+00:00,39.202,39.252,39.185,39.249,2570000
2011-08-05T07:16:00+00:00,39.252,39.3,39.233,39.283,2780000
2011-08-05T07:17:00+00:00,39.269,39.282,39.202,39.224,2920000
2011-08-05T07:18:00+00:00,39.228,39.232,39.187,39.209,2400000
2011-08-05T07:19:00+00:00,39.212,39.232,39.178,39.203,2170000
2011-08-05T07:20:00+00:00,39.181,39.21,39.177,39.191,1960000
2011-08-05T07:21:00+00:00,39.188,39.224,39.176,39.224,3060000
2011-08-05T07:22:00+00:00,39.21,39.223,39.193,39.196,1470000
2011-08-05T07:23:00+00:00,39.205,39.22,39.194,39.21,2600000
2011-08-05T07:24:00+00:00,39.213,39.223,39.19,39.207,2460000
2011-08-05T07:25:00+00:00,39.209,39.223,39.2,39.22,870000
2011-08-05T07:26:00+00:00,39.217,39.223,39.206,39.22,1210000
2011-08-05T07:27:00+00:00,39.218,39.272,39.208,39.235,3160000
2011-08-05T07:28:00+00:00,39.23,39.265,39.227,39.254,2020000
2011-08-05T07:29:00+00:00,39.267,39.287,39.234,39.244,3370000
2011-08-05T07:30:00+00:00,39.244,39.253,39.228,39.253,2400000
2011-08-05T07:31:00+00:00,39.253,39.267,39.224,39.267,2510000
2011-08-05T07:32:00+00:00,39.26,39.285,39.244,39.268,1870000
2011-08-05T07:33:00+00:00,39.27,39.281,39.244,39.274,1160000
2011-08-05T07:34:00+00:00,39.267,39.267,39.25,39.254,940000
2011-08-05T07:35:00+00:00,39.254,39.259,39.244,39.254,810000
2011-08-05T07:36:00+00:00,39.254,39.289,39.25,39.25,3010000
2011-08-05T07:37:00+00:00,39.248,39.34,39.245,39.34,2460000
2011-08-05T07:38:00+00:00,39.333,39.345,39.323,39.333,1930000
2011-08-05T07:39:00+00:00,39.333,39.336,39.252,39.314,2850000
2011-08-05T07:40:00+00:00,39.315,39.32,39.283,39.293,1940000
2011-08-05T07:41:00+00:00,39.293,39.333,39.285,39.307,1940000
2011-08-05T07:42:00+00:00,39.31,39.318,39.282,39.298,1320000
2011-08-05T07:43:00+00:00,39.293,39.295,39.272,39.272,1410000
2011-08-05T07:44:00+00:00,39.274,39.285,39.25,39.278,1730000
2011-08-05T07:45:00+00:00,39.275,39.317,39.275,39.286,2720000
2011-08-05T07:46:00+00:00,39.279,39.317,39.279,39.297,1810000
2011-08-05T07:47:00+00:00,39.3,39.314,39.3,39.314,620000
2011-08-05T07:48:00+00:00,39.318,39.318,39.265,39.265,2190000
2011-08-05T07:49:00+00:00,39.269,39.27,39.259,39.259,880000
2011-08-05T07:50:00+00:00,39.257,39.257,39.201,39.25,2900000
2011-08-05T07:51:00+00:00,39.244,39.262,39.18,39.19,2670000
2011-08-05T07:52:00+00:00,39.184,39.208,39.176,39.191,1210000
2011-08-05T07:53:00+00:00,39.189,39.245,39.189,39.243,2040000
2011-08-05T07:54:00+00:00,39.237,39.243,39.219,39.236,2380000
2011-08-05T07:55:00+00:00,39.238,39.279,39.238,39.267,2730000
2011-08-05T07:56:00+00:00,39.262,39.274,39.247,39.267,1900000
2011-08-05T07:57:00+00:00,39.265,39.277,39.249,39.264,1480000
2011-08-05T07:58:00+00:00,39.262,39.275,39.24,39.244,1800000
2011-08-05T07:59:00+00:00,39.244,39.251,39.218,39.238,1260000
2011-08-05T08:00:00+00:00,39.235,39.309,39.226,39.302,2110000
2011-08-05T08:01:00+00:00,39.305,39.308,39.235,39.244,2700000
2011-08-05T08:02:00+00:00,39.247,39.277,39.245,39.273,1600000
2011-08-05T08:03:00+00:00,39.273,39.307,39.273,39.293,1070000
2011-08-05T08:04:00+00:00,39.295,39.297,39.291,39.297,310000
2011-08-05T08:05:00+00:00,39.297,39.298,39.283,39.292,980000
2011-08-05T08:06:00+00:00,39.289,39.31,39.288,39.297,870000
2011-08-05T08:07:00+00:00,39.299,39.299,39.272,39.274,320000
2011-08-05T08:08:00+00:00,39.276,39.352,39.276,39.352,1340000
2011-08-05T08:09:00+00:00,39.36,39.36,39.339,39.34,920000
2011-08-05T08:10:00+00:00,39.328,39.328,39.274,39.288,1020000
2011-08-05T08:11:00+00:00,39.29,39.324,39.288,39.308,1590000
2011-08-05T08:12:00+00:00,39.313,39.337,39.295,39.297,2840000
2011-08-05T08:13:00+00:00,39.29,39.302,39.288,39.298,400000
2011-08-05T08:14:00+00:00,39.289,39.302,39.283,39.302,150000
2011-08-05T08:15:00+00:00,39.298,39.304,39.274,39.283,620000
2011-08-05T08:16:00+00:00,39.282,39.353,39.277,39.34,1650000
2011-08-05T08:17:00+00:00,39.344,39.344,39.326,39.335,350000
2011-08-05T08:18:00+00:00,39.338,39.36,39.332,39.341,850000
2011-08-05T08:19:00+00:00,39.342,39.35,39.319,39.347,710000
2011-08-05T08:20:00+00:00,39.339,39.375,39.339,39.353,1550000
2011-08-05T08:21:00+00:00,39.355,39.355,39.284,39.323,1400000
2011-08-05T08:22:00+00:00,39.325,39.325,39.309,39.316,1900000
2011-08-05T08:23:00+00:00,39.314,39.319,39.294,39.303,830000
2011-08-05T08:24:00+00:00,39.3,39.328,39.286,39.319,910000
2011-08-05T08:25:00+00:00,39.317,39.417,39.317,39.417,2110000
2011-08-05T08:26:00+00:00,39.419,39.43,39.393,39.413,2290000
2011-08-05T08:27:00+00:00,39.41,39.525,39.399,39.509,3520000
2011-08-05T08:28:00+00:00,39.503,39.534,39.49,39.53,2120000
2011-08-05T08:29:00+00:00,39.526,39.569,39.513,39.532,2370000
2011-08-05T08:30:00+00:00,39.529,39.535,39.49,39.498,2230000
2011-08-05T08:31:00+00:00,39.496,39.496,39.465,39.469,1440000
2011-08-05T08:32:00+00:00,39.468,39.468,39.455,39.456,380000
2011-08-05T08:33:00+00:00,39.456,39.456,39.372,39.387,2280000
2011-08-05T08:34:00+00:00,39.385,39.403,39.354,39.398,2230000
2011-08-05T08:35:00+00:00,39.4,39.405,39.39,39.397,680000
2011-08-05T08:36:00+00:00,39.39,39.395,39.376,39.395,800000
2011-08-05T08:37:00+00:00,39.395,39.422,39.395,39.419,800000
2011-08-05T08:38:00+00:00,39.419,39.425,39.386,39.419,1670000
2011-08-05T08:39:00+00:00,39.418,39.452,39.413,39.437,1430000
2011-08-05T08:40:00+00:00,39.434,39.434,39.406,39.41,1440000
2011-08-05T08:41:00+00:00,39.41,39.423,39.393,39.397,950000
2011-08-05T08:42:00+00:00,39.392,39.404,39.375,39.4,990000
2011-08-05T08:43:00+00:00,39.395,39.415,39.388,39.415,820000
2011-08-05T08:44:00+00:00,39.415,39.417,39.403,39.409,740000
2011-08-05T08:45:00+00:00,39.404,39.427,39.4,39.427,1110000
2011-08-05T08:46:00+00:00,39.427,39.51,39.427,39.492,1850000
2011-08-05T08:47:00+00:00,39.494,39.54,39.487,39.539,1800000
2011-08-05T08:48:00+00:00,39.542,39.659,39.542,39.654,3030000
2011-08-05T08:49:00+00:00,39.654,39.684,39.629,39.634,1620000
2011-08-05T08:50:00+00:00,39.633,39.655,39.602,39.653,2030000
2011-08-05T08:51:00+00:00,39.655,39.727,39.653,39.712,1960000
2011-08-05T08:52:00+00:00,39.712,39.73,39.691,39.702,2350000
2011-08-05T08:53:00+00:00,39.696,39.753,39.696,39.734,3380000
2011-08-05T08:54:00+00:00,39.734,39.773,39.721,39.731,2110000
2011-08-05T08:55:00+00:00,39.728,39.791,39.727,39.79,1300000
2011-08-05T08:56:00+00:00,39.79,39.813,39.739,39.739,2690000
2011-08-05T08:57:00+00:00,39.738,39.763,39.706,39.709,2050000
2011-08-05T08:58:00+00:00,39.706,39.706,39.688,39.699,1620000
2011-08-05T08:59:00+00:00,39.699,39.715,39.651,39.657,2520000
2011-08-05T09:00:00+00:00,39.66,39.673,39.607,39.61,1960000
2011-08-05T09:01:00+00:00,39.602,39.615,39.594,39.613,910000
2011-08-05T09:02:00+00:00,39.614,39.629,39.607,39.613,880000
2011-08-05T09:03:00+00:00,39.623,39.628,39.609,39.614,870000
2011-08-05T09:04:00+00:00,39.614,39.644,39.609,39.644,750000
2011-08-05T09:05:00+00:00,39.648,39.654,39.644,39.653,590000
2011-08-05T09:06:00+00:00,39.658,39.698,39.654,39.678,1260000
2011-08-05T09:07:00+00:00,39.678,39.699,39.672,39.68,1090000
2011-08-05T09:08:00+00:00,39.677,39.68,39.672,39.678,400000
2011-08-05T09:09:00+00:00,39.678,39.682,39.667,39.675,870000
2011-08-05T09:10:00+00:00,39.666,39.794,39.666,39.768,1860000
2011-08-05T09:11:00+00:00,39.768,39.776,39.672,39.672,1910000
2011-08-05T09:12:00+00:00,39.679,39.733,39.679,39.727,1220000
2011-08-05T09:13:00+00:00,39.722,39.75,39.702,39.718,1480000
2011-08-05T09:14:00+00:00,39.718,39.718,39.685,39.685,560000
2011-08-05T09:15:00+00:00,39.679,39.679,39.625,39.63,1700000
2011-08-05T09:16:00+00:00,39.635,39.665,39.632,39.643,740000
2011-08-05T09:17:00+00:00,39.637,39.639,39.634,39.636,570000
2011-08-05T09:18:00+00:00,39.633,39.638,39.63,39.63,1070000
2011-08-05T09:19:00+00:00,39.633,39.633,39.605,39.607,970000
2011-08-05T09:20:00+00:00,39.615,39.633,39.609,39.618,660000
2011-08-05T09:21:00+00:00,39.619,39.64,39.619,39.638,690000
2011-08-05T09:22:00+00:00,39.639,39.652,39.638,39.647,530000
2011-08-05T09:23:00+00:00,39.65,39.653,39.625,39.625,900000
2011-08-05T09:24:00+00:00,39.627,39.634,39.625,39.626,650000
2011-08-05T09:25:00+00:00,39.63,39.63,39.625,39.628,520000
2011-08-05T09:26:00+00:00,39.632,39.635,39.623,39.623,1100000
2011-08-05T09:27:00+00:00,39.625,39.643,39.605,39.608,560000
2011-08-05T09:28:00+00:00,39.6,39.6,39.55,39.553,960000
2011-08-05T09:29:00+00:00,39.56,39.56,39.509,39.509,1310000
2011-08-05T09:30:00+00:00,39.513,39.53,39.505,39.509,1720000
2011-08-05T09:31:00+00:00,39.511,39.513,39.478,39.485,1130000
2011-08-05T09:32:00+00:00,39.483,39.483,39.448,39.473,1490000
2011-08-05T09:33:00+00:00,39.475,39.475,39.437,39.437,640000
2011-08-05T09:34:00+00:00,39.455,39.483,39.455,39.483,400000
2011-08-05T09:35:00+00:00,39.484,39.527,39.484,39.49,420000
2011-08-05T09:36:00+00:00,39.493,39.508,39.474,39.474,660000
2011-08-05T09:37:00+00:00,39.478,39.484,39.463,39.463,890000
2011-08-05T09:38:00+00:00,39.46,39.479,39.453,39.474,1000000
2011-08-05T09:39:00+00:00,39.472,39.472,39.441,39.458,900000
2011-08-05T09:40:00+00:00,39.458,39.474,39.405,39.424,2200000
2011-08-05T09:41:00+00:00,39.427,39.433,39.343,39.353,2770000
2011-08-05T09:42:00+00:00,39.355,39.388,39.355,39.369,2020000
2011-08-05T09:43:00+00:00,39.364,39.365,39.299,39.328,1800000
2011-08-05T09:44:00+00:00,39.328,39.338,39.273,39.273,2410000
2011-08-05T09:45:00+00:00,39.273,39.275,39.233,39.262,2580000
2011-08-05T09:46:00+00:00,39.268,39.343,39.268,39.34,3320000
2011-08-05T09:47:00+00:00,39.335,39.338,39.31,39.338,1470000
2011-08-05T09:48:00+00:00,39.34,39.352,39.26,39.304,2980000
2011-08-05T09:49:00+00:00,39.315,39.343,39.272,39.278,2280000
2011-08-05T09:50:00+00:00,39.28,39.293,39.272,39.292,1690000
2011-08-05T09:51:00+00:00,39.292,39.325,39.273,39.293,2390000
2011-08-05T09:52:00+00:00,39.29,39.343,39.285,39.343,1500000
2011-08-05T09:53:00+00:00,39.342,39.344,39.282,39.313,3130000
2011-08-05T09:54:00+00:00,39.313,39.315,39.285,39.29,1610000
2011-08-05T09:55:00+00:00,39.29,39.315,39.287,39.307,1170000
2011-08-05T09:56:00+00:00,39.307,39.365,39.307,39.355,2300000
2011-08-05T09:57:00+00:00,39.354,39.354,39.328,39.334,1150000
2011-08-05T09:58:00+00:00,39.331,39.35,39.331,39.342,850000
2011-08-05T09:59:00+00:00,39.337,39.345,39.327,39.339,1150000
2011-08-05T10:00:00+00:00,39.348,39.348,39.33,39.338,1020000
2011-08-05T10:01:00+00:00,39.337,39.407,39.33,39.4,1720000
2011-08-05T10:02:00+00:00,39.395,39.41,39.377,39.39,2170000
2011-08-05T10:03:00+00:00,39.39,39.395,39.375,39.378,1270000
2011-08-05T10:04:00+00:00,39.378,39.383,39.374,39.374,950000
2011-08-05T10:05:00+00:00,39.372,39.384,39.362,39.364,1830000
2011-08-05T10:06:00+00:00,39.364,39.418,39.359,39.418,2940000
2011-08-05T10:07:00+00:00,39.419,39.419,39.377,39.393,1660000
2011-08-05T10:08:00+00:00,39.393,39.398,39.364,39.397,2850000
2011-08-05T10:09:00+00:00,39.4,39.444,39.398,39.405,2970000
2011-08-05T10:10:00+00:00,39.403,39.407,39.393,39.399,1120000
2011-08-05T10:11:00+00:00,39.4,39.4,39.383,39.387,660000
2011-08-05T10:12:00+00:00,39.385,39.385,39.357,39.359,1350000
2011-08-05T10:13:00+00:00,39.358,39.358,39.285,39.287,990000
2011-08-05T10:14:00+00:00,39.287,39.289,39.254,39.267,2330000
2011-08-05T10:15:00+00:00,39.267,39.31,39.264,39.31,1150000
2011-08-05T10:16:00+00:00,39.312,39.323,39.294,39.323,1250000
2011-08-05T10:17:00+00:00,39.324,39.347,39.324,39.345,1050000
2011-08-05T10:18:00+00:00,39.345,39.345,39.29,39.308,1270000
2011-08-05T10:19:00+00:00,39.309,39.309,39.29,39.29,1190000
2011-08-05T10:20:00+00:00,39.287,39.288,39.268,39.273,1020000
2011-08-05T10:21:00+00:00,39.275,39.277,39.224,39.224,2140000
2011-08-05T10:22:00+00:00,39.224,39.318,39.213,39.287,3200000
2011-08-05T10:23:00+00:00,39.287,39.303,39.275,39.285,1940000
2011-08-05T10:24:00+00:00,39.285,39.285,39.243,39.264,1370000
2011-08-05T10:25:00+00:00,39.264,39.27,39.26,39.264,570000
2011-08-05T10:26:00+00:00,39.264,39.28,39.264,39.272,700000
2011-08-05T10:27:00+00:00,39.268,39.282,39.238,39.238,2420000
2011-08-05T10:28:00+00:00,39.238,39.258,39.238,39.25,1540000
2011-08-05T10:29:00+00:00,39.255,39.255,39.213,39.244,3360000
2011-08-05T10:30:00+00:00,39.245,39.245,39.199,39.213,3760000
2011-08-05T10:31:00+00:00,39.213,39.247,39.207,39.24,1430000
2011-08-05T10:32:00+00:00,39.248,39.25,39.239,39.245,640000
2011-08-05T10:33:00+00:00,39.248,39.269,39.247,39.267,880000
2011-08-05T10:34:00+00:00,39.269,39.302,39.269,39.299,970000
2011-08-05T10:35:00+00:00,39.298,39.305,39.22,39.222,2670000
2011-08-05T10:36:00+00:00,39.225,39.238,39.223,39.238,870000
2011-08-05T10:37:00+00:00,39.234,39.235,39.207,39.207,570000
2011-08-05T10:38:00+00:00,39.227,39.235,39.213,39.213,710000
2011-08-05T10:39:00+00:00,39.215,39.219,39.212,39.214,710000
2011-08-05T10:40:00+00:00,39.212,39.248,39.212,39.235,1600000
2011-08-05T10:41:00+00:00,39.235,39.265,39.233,39.258,1390000
2011-08-05T10:42:00+00:00,39.26,39.303,39.254,39.295,1500000
2011-08-05T10:43:00+00:00,39.295,39.325,39.287,39.317,1160000
2011-08-05T10:44:00+00:00,39.323,39.323,39.278,39.283,1560000
2011-08-05T10:45:00+00:00,39.28,39.327,39.28,39.29,2320000
2011-08-05T10:46:00+00:00,39.293,39.307,39.257,39.278,2000000
2011-08-05T10:47:00+00:00,39.279,39.302,39.278,39.302,1650000
2011-08-05T10:48:00+00:00,39.308,39.318,39.293,39.293,1510000
2011-08-05T10:49:00+00:00,39.298,39.303,39.289,39.303,1080000
2011-08-05T10:50:00+00:00,39.295,39.308,39.295,39.304,1290000
2011-08-05T10:51:00+00:00,39.307,39.313,39.289,39.313,1370000
2011-08-05T10:52:00+00:00,39.315,39.325,39.309,39.325,830000
2011-08-05T10:53:00+00:00,39.32,39.335,39.317,39.335,990000
2011-08-05T10:54:00+00:00,39.337,39.338,39.32,39.33,1290000
2011-08-05T10:55:00+00:00,39.324,39.372,39.32,39.35,2060000
2011-08-05T10:56:00+00:00,39.354,39.368,39.32,39.332,2340000
2011-08-05T10:57:00+00:00,39.332,39.343,39.299,39.299,1650000
2011-08-05T10:58:00+00:00,39.299,39.352,39.294,39.33,1520000
2011-08-05T10:59:00+00:00,39.339,39.343,39.278,39.295,2330000
2011-08-05T11:00:00+00:00,39.293,39.307,39.263,39.294,2410000
2011-08-05T11:01:00+00:00,39.294,39.294,39.195,39.212,3640000
2011-08-05T11:02:00+00:00,39.209,39.244,39.193,39.224,2980000
2011-08-05T11:03:00+00:00,39.227,39.239,39.189,39.21,2410000
2011-08-05T11:04:00+00:00,39.213,39.244,39.194,39.244,2240000
2011-08-05T11:05:00+00:00,39.243,39.27,39.23,39.249,2430000
2011-08-05T11:06:00+00:00,39.252,39.298,39.25,39.292,2750000
2011-08-05T11:07:00+00:00,39.294,39.308,39.242,39.258,2710000
2011-08-05T11:08:00+00:00,39.24,39.278,39.237,39.272,1750000
2011-08-05T11:09:00+00:00,39.275,39.284,39.275,39.284,290000
2011-08-05T11:10:00+00:00,39.282,39.298,39.274,39.278,1500000
2011-08-05T11:11:00+00:00,39.283,39.309,39.283,39.305,1170000
2011-08-05T11:12:00+00:00,39.3,39.365,39.3,39.353,1750000
2011-08-05T11:13:00+00:00,39.363,39.418,39.352,39.374,3540000
2011-08-05T11:14:00+00:00,39.375,39.403,39.339,39.349,2460000
2011-08-05T11:15:00+00:00,39.349,39.359,39.339,39.348,1640000
2011-08-05T11:16:00+00:00,39.35,39.358,39.297,39.302,1600000
2011-08-05T11:17:00+00:00,39.305,39.305,39.274,39.274,950000
2011-08-05T11:18:00+00:00,39.274,39.319,39.274,39.319,1800000
2011-08-05T11:19:00+00:00,39.319,39.342,39.295,39.31,1160000
2011-08-05T11:20:00+00:00,39.308,39.333,39.308,39.332,770000
2011-08-05T11:21:00+00:00,39.33,39.332,39.294,39.297,480000
2011-08-05T11:22:00+00:00,39.313,39.32,39.312,39.315,400000
2011-08-05T11:23:00+00:00,39.319,39.319,39.317,39.317,180000
2011-08-05T11:24:00+00:00,39.319,39.319,39.318,39.318,140000
2011-08-05T11:25:00+00:00,39.31,39.31,39.283,39.302,1950000
2011-08-05T11:26:00+00:00,39.305,39.31,39.301,39.303,1750000
2011-08-05T11:27:00+00:00,39.304,39.31,39.289,39.289,1770000
2011-08-05T11:28:00+00:00,39.289,39.303,39.279,39.303,1920000
2011-08-05T11:29:00+00:00,39.304,39.31,39.302,39.304,1100000
2011-08-05T11:30:00+00:00,39.285,39.303,39.277,39.294,2020000
2011-08-05T11:31:00+00:00,39.297,39.305,39.282,39.292,1910000
2011-08-05T11:32:00+00:00,39.29,39.324,39.285,39.32,1530000
2011-08-05T11:33:00+00:00,39.315,39.329,39.309,39.309,1660000
2011-08-05T11:34:00+00:00,39.313,39.313,39.189,39.208,3650000
2011-08-05T11:35:00+00:00,39.21,39.238,39.197,39.233,2570000
2011-08-05T11:36:00+00:00,39.225,39.25,39.224,39.238,1320000
2011-08-05T11:37:00+00:00,39.234,39.237,39.22,39.22,1550000
2011-08-05T11:38:00+00:00,39.22,39.235,39.21,39.235,2450000
2011-08-05T11:39:00+00:00,39.235,39.237,39.223,39.232,1660000
2011-08-05T11:40:00+00:00,39.232,39.237,39.199,39.214,2010000
2011-08-05T11:41:00+00:00,39.217,39.224,39.217,39.224,460000
2011-08-05T11:42:00+00:00,39.222,39.224,39.21,39.215,520000
2011-08-05T11:43:00+00:00,39.215,39.23,39.203,39.203,1490000
2011-08-05T11:44:00+00:00,39.208,39.214,39.185,39.186,1410000
2011-08-05T11:45:00+00:00,39.195,39.197,39.184,39.187,530000
2011-08-05T11:46:00+00:00,39.192,39.209,39.184,39.192,1480000
2011-08-05T11:47:00+00:00,39.194,39.2,39.184,39.19,1300000
2011-08-05T11:48:00+00:00,39.193,39.194,39.177,39.179,1120000
2011-08-05T11:49:00+00:00,39.185,39.188,39.172,39.185,1860000
2011-08-05T11:50:00+00:00,39.188,39.195,39.174,39.175,1820000
2011-08-05T11:51:00+00:00,39.179,39.198,39.128,39.193,3980000
2011-08-05T11:52:00+00:00,39.212,39.244,39.162,39.17,3400000
2011-08-05T11:53:00+00:00,39.174,39.183,39.169,39.183,1360000
2011-08-05T11:54:00+00:00,39.19,39.19,39.187,39.188,550000
2011-08-05T11:55:00+00:00,39.189,39.189,39.169,39.179,850000
2011-08-05T11:56:00+00:00,39.179,39.18,39.128,39.128,1260000
2011-08-05T11:57:00+00:00,39.13,39.133,39.028,39.042,3060000
2011-08-05T11:58:00+00:00,39.038,39.074,39.033,39.059,2060000
2011-08-05T11:59:00+00:00,39.064,39.068,39.038,39.044,1270000
2011-08-05T12:00:00+00:00,39.048,39.053,39.03,39.033,1490000
2011-08-05T12:01:00+00:00,39.032,39.08,39.032,39.079,1650000
2011-08-05T12:02:00+00:00,39.079,39.1,39.049,39.049,3090000
2011-08-05T12:03:00+00:00,39.049,39.077,39.034,39.06,2260000
2011-08-05T12:04:00+00:00,39.054,39.062,39.04,39.057,2070000
2011-08-05T12:05:00+00:00,39.055,39.057,38.989,38.989,2190000
2011-08-05T12:06:00+00:00,38.991,38.991,38.867,38.878,4760000
2011-08-05T12:07:00+00:00,38.879,38.895,38.852,38.884,3680000
2011-08-05T12:08:00+00:00,38.884,38.955,38.871,38.952,3240000
2011-08-05T12:09:00+00:00,38.951,39,38.911,38.928,2810000
2011-08-05T12:10:00+00:00,38.93,38.953,38.93,38.95,1640000
2011-08-05T12:11:00+00:00,38.955,38.971,38.93,38.95,2080000
2011-08-05T12:12:00+00:00,38.95,38.994,38.899,38.991,3290000
2011-08-05T12:13:00+00:00,38.99,38.993,38.951,38.951,2190000
2011-08-05T12:14:00+00:00,38.945,38.971,38.939,38.962,3240000
2011-08-05T12:15:00+00:00,38.964,38.992,38.958,38.984,1820000
2011-08-05T12:16:00+00:00,38.984,39.085,38.984,39.075,2460000
2011-08-05T12:17:00+00:00,39.084,39.175,39.079,39.154,2540000
2011-08-05T12:18:00+00:00,39.15,39.191,39.1,39.163,3420000
2011-08-05T12:19:00+00:00,39.16,39.175,39.128,39.13,2690000
2011-08-05T12:20:00+00:00,39.13,39.131,39.102,39.111,2250000
2011-08-05T12:21:00+00:00,39.111,39.12,39.105,39.114,1300000
2011-08-05T12:22:00+00:00,39.114,39.123,39.051,39.054,2690000
2011-08-05T12:23:00+00:00,39.054,39.064,38.964,39.042,3680000
2011-08-05T12:24:00+00:00,39.048,39.074,39.045,39.074,1650000
2011-08-05T12:25:00+00:00,39.074,39.211,39.074,39.181,3950000
2011-08-05T12:26:00+00:00,39.176,39.176,39.112,39.112,1940000
2011-08-05T12:27:00+00:00,39.109,39.183,39.108,39.151,2210000
2011-08-05T12:28:00+00:00,39.143,39.143,39.091,39.091,1930000
2011-08-05T12:29:00+00:00,39.091,39.121,39.07,39.101,2040000
2011-08-05T12:30:00+00:00,39.11,39.111,38.895,38.932,6020000
2011-08-05T12:31:00+00:00,38.931,39.109,38.93,39.077,6190000
2011-08-05T12:32:00+00:00,39.085,39.189,39.071,39.188,5300000
2011-08-05T12:33:00+00:00,39.188,39.234,38.953,38.993,5600000
2011-08-05T12:34:00+00:00,38.994,39.1,38.994,39.049,3370000
2011-08-05T12:35:00+00:00,39.054,39.054,38.98,39.001,4720000
2011-08-05T12:36:00+00:00,39.011,39.011,38.937,38.974,2330000
2011-08-05T12:37:00+00:00,38.974,39.075,38.974,39.041,3510000
2011-08-05T12:38:00+00:00,39.041,39.054,39.015,39.04,2970000
2011-08-05T12:39:00+00:00,39.04,39.061,39.022,39.033,2270000
2011-08-05T12:40:00+00:00,39.04,39.062,38.991,38.991,4910000
2011-08-05T12:41:00+00:00,38.991,38.991,38.624,38.748,6840000
2011-08-05T12:42:00+00:00,38.748,38.82,38.621,38.64,5900000
2011-08-05T12:43:00+00:00,38.64,38.711,38.521,38.521,8480000
2011-08-05T12:44:00+00:00,38.521,38.521,38.314,38.4,7680000
2011-08-05T12:45:00+00:00,38.39,38.451,38.33,38.42,6240000
2011-08-05T12:46:00+00:00,38.413,38.513,38.372,38.5,5230000
2011-08-05T12:47:00+00:00,38.5,38.565,38.444,38.564,4880000
2011-08-05T12:48:00+00:00,38.56,38.586,38.52,38.56,4220000
2011-08-05T12:49:00+00:00,38.546,38.6,38.524,38.582,3580000
2011-08-05T12:50:00+00:00,38.581,38.586,38.561,38.579,2950000
2011-08-05T12:51:00+00:00,38.576,38.843,38.576,38.83,3070000
2011-08-05T12:52:00+00:00,38.836,38.885,38.785,38.864,3400000
2011-08-05T12:53:00+00:00,38.86,38.931,38.831,38.871,4630000
2011-08-05T12:54:00+00:00,38.864,38.892,38.796,38.803,3310000
2011-08-05T12:55:00+00:00,38.8,38.822,38.771,38.792,2290000
2011-08-05T12:56:00+00:00,38.791,38.803,38.739,38.739,2960000
2011-08-05T12:57:00+00:00,38.739,38.761,38.706,38.761,2700000
2011-08-05T12:58:00+00:00,38.763,38.781,38.743,38.761,2890000
2011-08-05T12:59:00+00:00,38.761,38.771,38.74,38.751,1540000
2011-08-05T13:00:00+00:00,38.755,38.831,38.755,38.783,2070000
2011-08-05T13:01:00+00:00,38.783,38.81,38.771,38.8,2290000
2011-08-05T13:02:00+00:00,38.797,38.801,38.714,38.731,2950000
2011-08-05T13:03:00+00:00,38.731,38.751,38.713,38.751,1870000
2011-08-05T13:04:00+00:00,38.757,38.801,38.731,38.731,2360000
2011-08-05T13:05:00+00:00,38.731,38.731,38.609,38.648,3390000
2011-08-05T13:06:00+00:00,38.646,38.663,38.6,38.663,3070000
2011-08-05T13:07:00+00:00,38.66,38.731,38.63,38.717,2540000
2011-08-05T13:08:00+00:00,38.723,38.79,38.714,38.78,2660000
2011-08-05T13:09:00+00:00,38.774,38.897,38.774,38.867,3660000
2011-08-05T13:10:00+00:00,38.871,39.014,38.865,38.992,3390000
2011-08-05T13:11:00+00:00,38.993,39.113,38.922,39.041,4710000
2011-08-05T13:12:00+00:00,39.04,39.193,39.04,39.193,3440000
2011-08-05T13:13:00+00:00,39.195,39.25,39.145,39.145,4170000
2011-08-05T13:14:00+00:00,39.145,39.381,39.145,39.381,4560000
2011-08-05T13:15:00+00:00,39.363,39.385,39.331,39.331,4590000
2011-08-05T13:16:00+00:00,39.326,39.326,39.263,39.263,4220000
2011-08-05T13:17:00+00:00,39.261,39.268,39.223,39.261,3690000
2011-08-05T13:18:00+00:00,39.258,39.261,39.218,39.245,1880000
2011-08-05T13:19:00+00:00,39.25,39.25,39.188,39.191,2370000
2011-08-05T13:20:00+00:00,39.191,39.3,39.191,39.298,3150000
2011-08-05T13:21:00+00:00,39.301,39.351,39.296,39.331,3070000
2011-08-05T13:22:00+00:00,39.338,39.433,39.338,39.396,3710000
2011-08-05T13:23:00+00:00,39.397,39.451,39.37,39.442,3570000
2011-08-05T13:24:00+00:00,39.441,39.525,39.401,39.43,4870000
2011-08-05T13:25:00+00:00,39.425,39.425,39.374,39.374,3170000
2011-08-05T13:26:00+00:00,39.381,39.384,39.27,39.298,3480000
2011-08-05T13:27:00+00:00,39.304,39.304,39.259,39.291,2950000
2011-08-05T13:28:00+00:00,39.294,39.301,39.249,39.249,2180000
2011-08-05T13:29:00+00:00,39.251,39.367,39.234,39.36,3040000
2011-08-05T13:30:00+00:00,39.365,39.365,39.273,39.36,4310000
2011-08-05T13:31:00+00:00,39.36,39.36,39.275,39.29,2560000
2011-08-05T13:32:00+00:00,39.287,39.31,39.218,39.219,3830000
2011-08-05T13:33:00+00:00,39.219,39.271,39.208,39.22,2980000
2011-08-05T13:34:00+00:00,39.22,39.224,38.974,39.017,5780000
2011-08-05T13:35:00+00:00,39.021,39.031,38.931,38.97,5800000
2011-08-05T13:36:00+00:00,38.97,39.051,38.962,39.051,2990000
2011-08-05T13:37:00+00:00,39.051,39.051,38.971,39.012,4030000
2011-08-05T13:38:00+00:00,39.01,39.011,38.82,38.82,6220000
2011-08-05T13:39:00+00:00,38.825,38.931,38.822,38.903,4230000
2011-08-05T13:40:00+00:00,38.902,38.981,38.871,38.97,4210000
2011-08-05T13:41:00+00:00,38.968,39.021,38.968,38.99,4060000
2011-08-05T13:42:00+00:00,38.991,39.051,38.991,39.006,4000000
2011-08-05T13:43:00+00:00,39.013,39.041,38.972,39.01,2780000
2011-08-05T13:44:00+00:00,39.013,39.141,39.011,39.141,3690000
2011-08-05T13:45:00+00:00,39.15,39.258,39.15,39.224,5650000
2011-08-05T13:46:00+00:00,39.223,39.223,39.113,39.119,5320000
2011-08-05T13:47:00+00:00,39.12,39.12,39.06,39.07,3730000
2011-08-05T13:48:00+00:00,39.07,39.123,39.063,39.071,3540000
2011-08-05T13:49:00+00:00,39.071,39.141,39.051,39.131,3460000
2011-08-05T13:50:00+00:00,39.135,39.181,39.04,39.181,3960000
2011-08-05T13:51:00+00:00,39.181,39.181,39.04,39.051,4590000
2011-08-05T13:52:00+00:00,39.051,39.18,39.051,39.18,3140000
2011-08-05T13:53:00+00:00,39.176,39.176,39.083,39.083,3860000
2011-08-05T13:54:00+00:00,39.092,39.103,39.065,39.09,3400000
2011-08-05T13:55:00+00:00,39.096,39.096,39.044,39.082,3730000
2011-08-05T13:56:00+00:00,39.082,39.086,39.059,39.06,2340000
2011-08-05T13:57:00+00:00,39.063,39.076,39.015,39.035,3250000
2011-08-05T13:58:00+00:00,39.033,39.14,39.033,39.14,3890000
2011-08-05T13:59:00+00:00,39.144,39.144,39.043,39.08,3060000
2011-08-05T14:00:00+00:00,39.078,39.146,38.99,39.013,4360000
2011-08-05T14:01:00+00:00,39.011,39.078,38.987,39.072,3390000
2011-08-05T14:02:00+00:00,39.07,39.074,38.992,38.992,2720000
2011-08-05T14:03:00+00:00,38.991,39.017,38.961,38.961,3720000
2011-08-05T14:04:00+00:00,38.96,38.96,38.849,38.93,4450000
2011-08-05T14:05:00+00:00,38.923,38.923,38.696,38.824,6170000
2011-08-05T14:06:00+00:00,38.823,38.884,38.778,38.874,3860000
2011-08-05T14:07:00+00:00,38.88,38.947,38.879,38.893,3630000
2011-08-05T14:08:00+00:00,38.895,38.954,38.893,38.937,3230000
2011-08-05T14:09:00+00:00,38.938,38.985,38.924,38.958,3390000
2011-08-05T14:10:00+00:00,38.958,39.063,38.957,39.051,4230000
2011-08-05T14:11:00+00:00,39.05,39.133,39.046,39.101,3040000
2011-08-05T14:12:00+00:00,39.101,39.101,39.03,39.061,3470000
2011-08-05T14:13:00+00:00,39.058,39.062,38.962,38.966,3580000
2011-08-05T14:14:00+00:00,38.966,39.036,38.964,39.036,1900000
2011-08-05T14:15:00+00:00,39.034,39.034,38.949,38.952,3680000
2011-08-05T14:16:00+00:00,38.959,39.021,38.919,38.942,2960000
2011-08-05T14:17:00+00:00,38.941,38.965,38.828,38.828,3420000
2011-08-05T14:18:00+00:00,38.82,38.945,38.808,38.927,3690000
2011-08-05T14:19:00+00:00,38.929,38.944,38.871,38.943,2590000
2011-08-05T14:20:00+00:00,38.947,38.993,38.947,38.974,2010000
2011-08-05T14:21:00+00:00,38.97,38.994,38.968,38.991,2270000
2011-08-05T14:22:00+00:00,38.993,39.083,38.981,38.984,3070000
2011-08-05T14:23:00+00:00,38.983,39.033,38.97,39.025,3090000
2011-08-05T14:24:00+00:00,39.021,39.063,38.987,39.063,2090000
2011-08-05T14:25:00+00:00,39.062,39.064,38.993,38.999,2530000
2011-08-05T14:26:00+00:00,38.996,38.997,38.883,38.897,2610000
2011-08-05T14:27:00+00:00,38.898,39.023,38.898,39.023,2680000
2011-08-05T14:28:00+00:00,39.023,39.048,38.929,38.988,2660000
2011-08-05T14:29:00+00:00,38.987,39.04,38.923,38.948,1710000
2011-08-05T14:30:00+00:00,38.949,38.994,38.9,38.976,3710000
2011-08-05T14:31:00+00:00,38.981,39.069,38.978,39.031,3510000
2011-08-05T14:32:00+00:00,39.038,39.04,39.003,39.004,1840000
2011-08-05T14:33:00+00:00,38.997,38.997,38.943,38.944,2340000
2011-08-05T14:34:00+00:00,38.944,38.977,38.89,38.977,3370000
2011-08-05T14:35:00+00:00,38.977,39.054,38.973,39.013,3380000
2011-08-05T14:36:00+00:00,39.009,39.085,38.961,38.982,3350000
2011-08-05T14:37:00+00:00,38.993,39.043,38.99,39.03,2200000
2011-08-05T14:38:00+00:00,39.03,39.283,38.983,39.246,4730000
2011-08-05T14:39:00+00:00,39.24,39.268,39.194,39.204,4820000
2011-08-05T14:40:00+00:00,39.195,39.333,39.191,39.328,4370000
2011-08-05T14:41:00+00:00,39.327,39.349,39.277,39.284,4150000
2011-08-05T14:42:00+00:00,39.282,39.334,39.279,39.302,2800000
2011-08-05T14:43:00+00:00,39.301,39.314,39.268,39.303,3670000
2011-08-05T14:44:00+00:00,39.303,39.303,39.202,39.216,3140000
2011-08-05T14:45:00+00:00,39.217,39.268,39.211,39.252,2020000
2011-08-05T14:46:00+00:00,39.251,39.278,39.219,39.278,3420000
2011-08-05T14:47:00+00:00,39.275,39.327,39.271,39.272,3470000
2011-08-05T14:48:00+00:00,39.272,39.336,39.253,39.33,3720000
2011-08-05T14:49:00+00:00,39.326,39.326,39.222,39.241,2570000
2011-08-05T14:50:00+00:00,39.238,39.301,39.229,39.269,3680000
2011-08-05T14:51:00+00:00,39.268,39.281,39.243,39.258,3330000
2011-08-05T14:52:00+00:00,39.257,39.293,39.23,39.293,2560000
2011-08-05T14:53:00+00:00,39.298,39.31,39.291,39.293,1760000
2011-08-05T14:54:00+00:00,39.313,39.425,39.313,39.412,4490000
2011-08-05T14:55:00+00:00,39.413,39.486,39.4,39.442,4320000
2011-08-05T14:56:00+00:00,39.439,39.468,39.408,39.434,3490000
2011-08-05T14:57:00+00:00,39.433,39.438,39.35,39.35,2800000
2011-08-05T14:58:00+00:00,39.347,39.356,39.33,39.34,2650000
2011-08-05T14:59:00+00:00,39.343,39.343,39.265,39.285,3640000
2011-08-05T15:00:00+00:00,39.294,39.343,39.294,39.343,2160000
2011-08-05T15:01:00+00:00,39.343,39.406,39.333,39.355,3360000
2011-08-05T15:02:00+00:00,39.359,39.374,39.315,39.315,2480000
2011-08-05T15:03:00+00:00,39.319,39.326,39.254,39.271,2270000
2011-08-05T15:04:00+00:00,39.273,39.303,39.259,39.259,2400000
2011-08-05T15:05:00+00:00,39.266,39.272,39.088,39.148,3460000
2011-08-05T15:06:00+00:00,39.149,39.155,39.111,39.142,2870000
2011-08-05T15:07:00+00:00,39.143,39.156,39.115,39.156,1150000
2011-08-05T15:08:00+00:00,39.157,39.174,39.112,39.119,1410000
2011-08-05T15:09:00+00:00,39.123,39.138,39.09,39.115,2160000
2011-08-05T15:10:00+00:00,39.125,39.16,39.092,39.125,2080000
2011-08-05T15:11:00+00:00,39.123,39.123,39.074,39.096,2660000
2011-08-05T15:12:00+00:00,39.094,39.106,39.074,39.092,1600000
2011-08-05T15:13:00+00:00,39.094,39.205,39.094,39.128,2640000
2011-08-05T15:14:00+00:00,39.126,39.18,39.125,39.128,2010000
2011-08-05T15:15:00+00:00,39.123,39.16,39.094,39.103,2440000
2011-08-05T15:16:00+00:00,39.105,39.122,39.092,39.112,1310000
2011-08-05T15:17:00+00:00,39.113,39.123,38.963,38.963,3140000
2011-08-05T15:18:00+00:00,38.959,38.976,38.913,38.975,3580000
2011-08-05T15:19:00+00:00,38.973,38.973,38.934,38.941,2850000
2011-08-05T15:20:00+00:00,38.94,38.942,38.89,38.938,3350000
2011-08-05T15:21:00+00:00,38.927,38.927,38.782,38.782,3800000
2011-08-05T15:22:00+00:00,38.781,38.792,38.674,38.788,4190000
2011-08-05T15:23:00+00:00,38.788,38.789,38.64,38.663,4260000
2011-08-05T15:24:00+00:00,38.67,38.792,38.67,38.776,3170000
2011-08-05T15:25:00+00:00,38.776,38.849,38.77,38.841,4750000
2011-08-05T15:26:00+00:00,38.841,38.855,38.813,38.855,4600000
2011-08-05T15:27:00+00:00,38.856,38.888,38.85,38.888,2410000
2011-08-05T15:28:00+00:00,38.886,38.901,38.834,38.896,2540000
2011-08-05T15:29:00+00:00,38.909,38.916,38.83,38.83,2960000
2011-08-05T15:30:00+00:00,38.823,38.888,38.814,38.853,3200000
2011-08-05T15:31:00+00:00,38.849,38.849,38.741,38.742,3910000
2011-08-05T15:32:00+00:00,38.741,38.744,38.58,38.612,3640000
2011-08-05T15:33:00+00:00,38.612,38.65,38.564,38.564,3900000
2011-08-05T15:34:00+00:00,38.565,38.607,38.494,38.582,6210000
2011-08-05T15:35:00+00:00,38.58,38.645,38.559,38.627,3440000
2011-08-05T15:36:00+00:00,38.63,38.743,38.61,38.62,4790000
2011-08-05T15:37:00+00:00,38.621,38.7,38.601,38.689,3330000
2011-08-05T15:38:00+00:00,38.683,38.734,38.639,38.689,3760000
2011-08-05T15:39:00+00:00,38.682,38.763,38.671,38.76,2690000
2011-08-05T15:40:00+00:00,38.764,38.764,38.683,38.718,2700000
2011-08-05T15:41:00+00:00,38.719,38.719,38.61,38.633,3070000
2011-08-05T15:42:00+00:00,38.633,38.735,38.63,38.727,4610000
2011-08-05T15:43:00+00:00,38.72,38.801,38.702,38.756,3640000
2011-08-05T15:44:00+00:00,38.756,38.761,38.676,38.71,3240000
2011-08-05T15:45:00+00:00,38.711,38.866,38.702,38.844,4150000
2011-08-05T15:46:00+00:00,38.844,38.871,38.833,38.868,4190000
2011-08-05T15:47:00+00:00,38.872,38.874,38.771,38.79,4820000
2011-08-05T15:48:00+00:00,38.79,38.804,38.669,38.669,4450000
2011-08-05T15:49:00+00:00,38.67,38.745,38.644,38.734,5020000
2011-08-05T15:50:00+00:00,38.739,38.762,38.716,38.727,3220000
2011-08-05T15:51:00+00:00,38.724,38.724,38.581,38.581,4240000
2011-08-05T15:52:00+00:00,38.57,38.599,38.507,38.521,5480000
2011-08-05T15:53:00+00:00,38.517,38.52,38.464,38.487,5020000
2011-08-05T15:54:00+00:00,38.486,38.513,38.101,38.15,5770000
2011-08-05T15:55:00+00:00,38.133,38.176,38.012,38.138,8050000
2011-08-05T15:56:00+00:00,38.138,38.143,38.007,38.032,6300000
2011-08-05T15:57:00+00:00,38.035,38.133,37.983,38.018,4880000
2011-08-05T15:58:00+00:00,38.019,38.054,37.795,37.896,6240000
2011-08-05T15:59:00+00:00,37.891,37.916,37.833,37.86,5360000
2011-08-05T16:00:00+00:00,37.852,37.898,37.824,37.856,4170000
2011-08-05T16:01:00+00:00,37.858,37.858,37.613,37.624,6430000
2011-08-05T16:02:00+00:00,37.627,37.686,37.575,37.678,5210000
2011-08-05T16:03:00+00:00,37.674,37.688,37.512,37.662,7020000
2011-08-05T16:04:00+00:00,37.658,37.742,37.584,37.677,4840000
2011-08-05T16:05:00+00:00,37.676,37.773,37.653,37.729,3640000
2011-08-05T16:06:00+00:00,37.734,37.821,37.733,37.807,2810000
2011-08-05T16:07:00+00:00,37.795,37.799,37.751,37.791,2980000
2011-08-05T16:08:00+00:00,37.802,37.816,37.698,37.736,3140000
2011-08-05T16:09:00+00:00,37.727,37.783,37.704,37.766,2180000
2011-08-05T16:10:00+00:00,37.766,37.938,37.765,37.928,3440000
2011-08-05T16:11:00+00:00,37.929,38.143,37.929,38.123,4280000
2011-08-05T16:12:00+00:00,38.122,38.124,38.006,38.076,2960000
2011-08-05T16:13:00+00:00,38.073,38.073,37.999,38.035,2730000
2011-08-05T16:14:00+00:00,38.04,38.15,38.006,38.135,3230000
2011-08-05T16:15:00+00:00,38.137,38.137,38.004,38.017,3700000
2011-08-05T16:16:00+00:00,38.02,38.199,38.02,38.183,3980000
2011-08-05T16:17:00+00:00,38.184,38.285,38.161,38.275,4580000
2011-08-05T16:18:00+00:00,38.278,38.311,38.093,38.103,5600000
2011-08-05T16:19:00+00:00,38.111,38.21,38.096,38.135,3720000
2011-08-05T16:20:00+00:00,38.146,38.208,38.112,38.194,3050000
2011-08-05T16:21:00+00:00,38.205,38.212,38.147,38.211,2230000
2011-08-05T16:22:00+00:00,38.221,38.246,38.187,38.219,2930000
2011-08-05T16:23:00+00:00,38.224,38.235,38.091,38.118,3300000
2011-08-05T16:24:00+00:00,38.118,38.222,38.064,38.219,4340000
2011-08-05T16:25:00+00:00,38.218,38.218,38.09,38.103,3240000
2011-08-05T16:26:00+00:00,38.102,38.102,38.045,38.046,2510000
2011-08-05T16:27:00+00:00,38.046,38.046,38.012,38.028,2000000
2011-08-05T16:28:00+00:00,38.023,38.023,37.931,37.966,2580000
2011-08-05T16:29:00+00:00,37.97,37.98,37.809,37.809,4430000
2011-08-05T16:30:00+00:00,37.809,37.852,37.665,37.689,5120000
2011-08-05T16:31:00+00:00,37.687,37.877,37.648,37.865,4970000
2011-08-05T16:32:00+00:00,37.86,37.911,37.847,37.86,3700000
2011-08-05T16:33:00+00:00,37.86,37.928,37.86,37.928,2560000
2011-08-05T16:34:00+00:00,37.926,38.135,37.922,38.126,4440000
2011-08-05T16:35:00+00:00,38.125,38.14,38.06,38.122,4110000
2011-08-05T16:36:00+00:00,38.122,38.124,38.012,38.052,4420000
2011-08-05T16:37:00+00:00,38.063,38.076,37.967,37.973,3690000
2011-08-05T16:38:00+00:00,37.967,38.109,37.951,38.089,3780000
2011-08-05T16:39:00+00:00,38.089,38.218,38.089,38.17,4630000
2011-08-05T16:40:00+00:00,38.175,38.188,38.055,38.174,4010000
2011-08-05T16:41:00+00:00,38.172,38.179,38.153,38.161,2730000
2011-08-05T16:42:00+00:00,38.164,38.267,38.164,38.239,5090000
2011-08-05T16:43:00+00:00,38.235,38.3,38.22,38.254,4910000
2011-08-05T16:44:00+00:00,38.25,38.291,38.221,38.263,3720000
2011-08-05T16:45:00+00:00,38.258,38.453,38.25,38.453,4330000
2011-08-05T16:46:00+00:00,38.456,38.696,38.454,38.62,3820000
2011-08-05T16:47:00+00:00,38.619,38.621,38.589,38.616,3530000
2011-08-05T16:48:00+00:00,38.62,38.66,38.534,38.546,2500000
2011-08-05T16:49:00+00:00,38.553,38.62,38.44,38.498,3150000
2011-08-05T16:50:00+00:00,38.493,38.541,38.424,38.54,3420000
2011-08-05T16:51:00+00:00,38.532,38.538,38.414,38.443,3190000
2011-08-05T16:52:00+00:00,38.443,38.481,38.407,38.47,2920000
2011-08-05T16:53:00+00:00,38.471,38.492,38.44,38.446,1930000
2011-08-05T16:54:00+00:00,38.444,38.471,38.414,38.464,1890000
2011-08-05T16:55:00+00:00,38.462,38.462,38.418,38.423,2890000
2011-08-05T16:56:00+00:00,38.423,38.426,38.333,38.333,3300000
2011-08-05T16:57:00+00:00,38.333,38.363,38.316,38.324,3230000
2011-08-05T16:58:00+00:00,38.324,38.324,38.222,38.277,3180000
2011-08-05T16:59:00+00:00,38.278,38.312,38.272,38.284,2280000
2011-08-05T17:00:00+00:00,38.286,38.361,38.286,38.359,2550000
2011-08-05T17:01:00+00:00,38.359,38.398,38.345,38.379,3310000
2011-08-05T17:02:00+00:00,38.38,38.445,38.336,38.445,3840000
2011-08-05T17:03:00+00:00,38.445,38.472,38.386,38.393,2500000
2011-08-05T17:04:00+00:00,38.39,38.423,38.333,38.333,2610000
2011-08-05T17:05:00+00:00,38.334,38.336,38.209,38.209,3000000
2011-08-05T17:06:00+00:00,38.209,38.254,38.143,38.254,3500000
2011-08-05T17:07:00+00:00,38.257,38.276,38.19,38.192,2520000
2011-08-05T17:08:00+00:00,38.193,38.244,38.193,38.222,1960000
2011-08-05T17:09:00+00:00,38.221,38.292,38.221,38.259,2110000
2011-08-05T17:10:00+00:00,38.259,38.324,38.259,38.286,2770000
2011-08-05T17:11:00+00:00,38.286,38.318,38.268,38.276,2010000
2011-08-05T17:12:00+00:00,38.274,38.281,38.263,38.264,2090000
2011-08-05T17:13:00+00:00,38.263,38.314,38.263,38.284,2260000
2011-08-05T17:14:00+00:00,38.285,38.318,38.285,38.311,1640000
2011-08-05T17:15:00+00:00,38.315,38.343,38.299,38.326,2170000
2011-08-05T17:16:00+00:00,38.324,38.358,38.318,38.339,2820000
2011-08-05T17:17:00+00:00,38.339,38.353,38.309,38.338,3250000
2011-08-05T17:18:00+00:00,38.338,38.374,38.338,38.36,3230000
2011-08-05T17:19:00+00:00,38.352,38.388,38.347,38.374,3500000
2011-08-05T17:20:00+00:00,38.373,38.387,38.372,38.378,2090000
2011-08-05T17:21:00+00:00,38.378,38.378,38.187,38.187,4300000
2011-08-05T17:22:00+00:00,38.173,38.227,38.104,38.224,4610000
2011-08-05T17:23:00+00:00,38.224,38.273,38.204,38.204,3980000
2011-08-05T17:24:00+00:00,38.206,38.224,38.108,38.123,5890000
2011-08-05T17:25:00+00:00,38.121,38.164,38.116,38.118,3020000
2011-08-05T17:26:00+00:00,38.116,38.121,38.029,38.029,3460000
2011-08-05T17:27:00+00:00,38.034,38.045,37.839,37.872,6480000
2011-08-05T17:28:00+00:00,37.877,37.937,37.834,37.911,4530000
2011-08-05T17:29:00+00:00,37.909,37.934,37.904,37.931,2910000
2011-08-05T17:30:00+00:00,37.954,38.028,37.954,38.028,2260000
2011-08-05T17:31:00+00:00,38.024,38.061,38.009,38.044,3500000
2011-08-05T17:32:00+00:00,38.043,38.049,37.998,38.016,3240000
2011-08-05T17:33:00+00:00,38.014,38.048,38.014,38.043,3280000
2011-08-05T17:34:00+00:00,38.046,38.067,38.043,38.056,2830000
2011-08-05T17:35:00+00:00,38.052,38.074,38.044,38.053,3450000
2011-08-05T17:36:00+00:00,38.053,38.053,37.999,38.002,1100000
2011-08-05T17:37:00+00:00,38.004,38.006,37.963,37.964,2800000
2011-08-05T17:38:00+00:00,37.967,38.076,37.943,37.971,3460000
2011-08-05T17:39:00+00:00,37.971,37.971,37.876,37.886,4680000
2011-08-05T17:40:00+00:00,37.894,37.896,37.769,37.818,4720000
2011-08-05T17:41:00+00:00,37.822,37.874,37.816,37.866,2880000
2011-08-05T17:42:00+00:00,37.866,37.892,37.842,37.888,3480000
2011-08-05T17:43:00+00:00,37.888,37.979,37.888,37.943,3270000
2011-08-05T17:44:00+00:00,37.942,37.999,37.917,37.949,3180000
2011-08-05T17:45:00+00:00,37.949,37.971,37.938,37.964,3650000
2011-08-05T17:46:00+00:00,37.958,37.963,37.917,37.939,2900000
2011-08-05T17:47:00+00:00,37.937,37.972,37.914,37.931,2600000
2011-08-05T17:48:00+00:00,37.934,38.031,37.934,38.027,3890000
2011-08-05T17:49:00+00:00,38.021,38.106,38.006,38.091,3920000
2011-08-05T17:50:00+00:00,38.089,38.089,38.001,38.004,2630000
2011-08-05T17:51:00+00:00,38.003,38.006,37.927,37.986,3010000
2011-08-05T17:52:00+00:00,37.992,38.008,37.979,37.979,2260000
2011-08-05T17:53:00+00:00,37.98,38.022,37.979,38.017,2230000
2011-08-05T17:54:00+00:00,38.019,38.028,37.988,38.019,2710000
2011-08-05T17:55:00+00:00,38.013,38.013,37.958,37.959,2120000
2011-08-05T17:56:00+00:00,37.962,37.962,37.858,37.872,3310000
2011-08-05T17:57:00+00:00,37.878,37.937,37.873,37.931,3600000
2011-08-05T17:58:00+00:00,37.931,37.962,37.919,37.927,2270000
2011-08-05T17:59:00+00:00,37.927,37.929,37.902,37.902,2500000
2011-08-05T18:00:00+00:00,37.901,37.901,37.762,37.764,3130000
2011-08-05T18:01:00+00:00,37.769,37.804,37.768,37.787,2600000
2011-08-05T18:02:00+00:00,37.788,37.809,37.746,37.809,3850000
2011-08-05T18:03:00+00:00,37.811,37.818,37.784,37.798,2080000
2011-08-05T18:04:00+00:00,37.802,37.848,37.794,37.848,2180000
2011-08-05T18:05:00+00:00,37.848,37.848,37.806,37.844,2100000
2011-08-05T18:06:00+00:00,37.844,37.933,37.841,37.919,4090000
2011-08-05T18:07:00+00:00,37.918,37.936,37.911,37.912,2080000
2011-08-05T18:08:00+00:00,37.913,37.941,37.891,37.936,2410000
2011-08-05T18:09:00+00:00,37.936,38.004,37.921,37.938,3560000
2011-08-05T18:10:00+00:00,37.944,37.948,37.863,37.877,3140000
2011-08-05T18:11:00+00:00,37.864,37.868,37.841,37.854,2490000
2011-08-05T18:12:00+00:00,37.854,37.899,37.854,37.893,2330000
2011-08-05T18:13:00+00:00,37.893,37.937,37.886,37.919,4360000
2011-08-05T18:14:00+00:00,37.917,37.928,37.893,37.916,2790000
2011-08-05T18:15:00+00:00,37.916,37.919,37.848,37.912,3660000
2011-08-05T18:16:00+00:00,37.912,37.958,37.876,37.948,3080000
2011-08-05T18:17:00+00:00,37.952,37.972,37.921,37.949,3100000
2011-08-05T18:18:00+00:00,37.943,38.003,37.933,37.977,3220000
2011-08-05T18:19:00+00:00,37.966,37.997,37.939,37.939,2120000
2011-08-05T18:20:00+00:00,37.934,37.979,37.932,37.938,2690000
2011-08-05T18:21:00+00:00,37.938,37.952,37.924,37.95,1900000
2011-08-05T18:22:00+00:00,37.95,37.992,37.938,37.966,3680000
2011-08-05T18:23:00+00:00,37.966,37.992,37.928,37.968,2570000
2011-08-05T18:24:00+00:00,37.968,38.028,37.953,38.024,2060000
2011-08-05T18:25:00+00:00,38.026,38.154,38.021,38.154,4400000
2011-08-05T18:26:00+00:00,38.157,38.161,38.131,38.159,3970000
2011-08-05T18:27:00+00:00,38.157,38.172,38.124,38.137,3980000
2011-08-05T18:28:00+00:00,38.152,38.17,38.119,38.119,2810000
2011-08-05T18:29:00+00:00,38.114,38.127,38.088,38.093,2360000
2011-08-05T18:30:00+00:00,38.093,38.1,38.062,38.084,3490000
2011-08-05T18:31:00+00:00,38.087,38.104,38.058,38.079,2460000
2011-08-05T18:32:00+00:00,38.077,38.094,38.042,38.042,2760000
2011-08-05T18:33:00+00:00,38.042,38.042,38.011,38.015,2040000
2011-08-05T18:34:00+00:00,38.015,38.054,38.015,38.047,2840000
2011-08-05T18:35:00+00:00,38.053,38.091,38.021,38.091,2350000
2011-08-05T18:36:00+00:00,38.091,38.121,38.089,38.089,1780000
2011-08-05T18:37:00+00:00,38.085,38.085,38.009,38.053,2600000
2011-08-05T18:38:00+00:00,38.055,38.145,38.053,38.144,3240000
2011-08-05T18:39:00+00:00,38.143,38.173,38.137,38.142,2620000
2011-08-05T18:40:00+00:00,38.143,38.143,38.113,38.113,1370000
2011-08-05T18:41:00+00:00,38.113,38.147,38.108,38.132,2390000
2011-08-05T18:42:00+00:00,38.132,38.132,38.109,38.114,2350000
2011-08-05T18:43:00+00:00,38.114,38.117,38.079,38.08,1590000
2011-08-05T18:44:00+00:00,38.082,38.14,38.082,38.14,1120000
2011-08-05T18:45:00+00:00,38.14,38.143,38.132,38.143,990000
2011-08-05T18:46:00+00:00,38.15,38.167,38.127,38.154,1720000
2011-08-05T18:47:00+00:00,38.153,38.173,38.139,38.154,2240000
2011-08-05T18:48:00+00:00,38.149,38.16,38.075,38.075,2560000
2011-08-05T18:49:00+00:00,38.075,38.133,38.075,38.124,2130000
2011-08-05T18:50:00+00:00,38.124,38.124,38.077,38.124,1830000
2011-08-05T18:51:00+00:00,38.124,38.151,38.124,38.144,1200000
2011-08-05T18:52:00+00:00,38.144,38.164,38.134,38.148,2210000
2011-08-05T18:53:00+00:00,38.151,38.153,38.116,38.129,1820000
2011-08-05T18:54:00+00:00,38.135,38.174,38.132,38.132,3950000
2011-08-05T18:55:00+00:00,38.132,38.134,38.105,38.107,4600000
2011-08-05T18:56:00+00:00,38.105,38.129,38.092,38.092,2240000
2011-08-05T18:57:00+00:00,38.092,38.107,38.054,38.075,2960000
2011-08-05T18:58:00+00:00,38.075,38.152,38.075,38.147,3300000
2011-08-05T18:59:00+00:00,38.143,38.147,38.073,38.129,2950000
2011-08-05T19:00:00+00:00,38.128,38.132,38.072,38.128,2950000
2011-08-05T19:01:00+00:00,38.125,38.167,38.108,38.153,3260000
2011-08-05T19:02:00+00:00,38.153,38.153,38.072,38.099,3170000
2011-08-05T19:03:00+00:00,38.11,38.13,38.099,38.104,1050000
2011-08-05T19:04:00+00:00,38.108,38.113,38.093,38.094,830000
2011-08-05T19:05:00+00:00,38.098,38.098,38.023,38.043,1370000
2011-08-05T19:06:00+00:00,38.039,38.085,38.039,38.082,1350000
2011-08-05T19:07:00+00:00,38.082,38.094,38.032,38.033,1430000
2011-08-05T19:08:00+00:00,38.033,38.049,37.985,38.009,2180000
2011-08-05T19:09:00+00:00,38.009,38.078,38.009,38.05,1870000
2011-08-05T19:10:00+00:00,38.053,38.06,38.012,38.013,1210000
2011-08-05T19:11:00+00:00,38.009,38.05,37.975,37.98,1370000
2011-08-05T19:12:00+00:00,37.98,38.014,37.977,38.014,1940000
2011-08-05T19:13:00+00:00,38.014,38.028,37.977,38,1970000
2011-08-05T19:14:00+00:00,37.994,38.05,37.987,38.05,1440000
2011-08-05T19:15:00+00:00,38.05,38.057,38.023,38.039,1290000
2011-08-05T19:16:00+00:00,38.039,38.052,38.029,38.049,660000
2011-08-05T19:17:00+00:00,38.044,38.052,38.023,38.042,1120000
2011-08-05T19:18:00+00:00,38.042,38.059,38.037,38.059,970000
2011-08-05T19:19:00+00:00,38.063,38.072,38.045,38.053,1090000
2011-08-05T19:20:00+00:00,38.051,38.08,38.047,38.074,620000
2011-08-05T19:21:00+00:00,38.074,38.128,38.073,38.128,1250000
2011-08-05T19:22:00+00:00,38.132,38.144,38.095,38.122,1540000
2011-08-05T19:23:00+00:00,38.113,38.113,38.079,38.099,1360000
2011-08-05T19:24:00+00:00,38.097,38.123,38.093,38.118,1310000
2011-08-05T19:25:00+00:00,38.12,38.138,38.117,38.138,470000
2011-08-05T19:26:00+00:00,38.138,38.138,38.114,38.134,770000
2011-08-05T19:27:00+00:00,38.135,38.144,38.114,38.118,1110000
2011-08-05T19:28:00+00:00,38.118,38.118,38.109,38.115,280000
2011-08-05T19:29:00+00:00,38.115,38.129,38.092,38.097,770000
2011-08-05T19:30:00+00:00,38.1,38.112,38.084,38.084,830000
2011-08-05T19:31:00+00:00,38.084,38.12,38.079,38.083,1880000
2011-08-05T19:32:00+00:00,38.083,38.084,38.072,38.074,400000
2011-08-05T19:33:00+00:00,38.074,38.095,38.074,38.095,570000
2011-08-05T19:34:00+00:00,38.095,38.104,38.083,38.089,1290000
2011-08-05T19:35:00+00:00,38.089,38.113,38.089,38.1,530000
2011-08-05T19:36:00+00:00,38.098,38.114,38.098,38.104,1060000
2011-08-05T19:37:00+00:00,38.104,38.123,38.098,38.118,1790000
2011-08-05T19:38:00+00:00,38.11,38.163,38.11,38.133,1480000
2011-08-05T19:39:00+00:00,38.131,38.164,38.13,38.163,1480000
2011-08-05T19:40:00+00:00,38.164,38.164,38.11,38.124,1310000
2011-08-05T19:41:00+00:00,38.124,38.144,38.113,38.143,1490000
2011-08-05T19:42:00+00:00,38.135,38.144,38.116,38.133,1130000
2011-08-05T19:43:00+00:00,38.143,38.144,38.108,38.113,720000
2011-08-05T19:44:00+00:00,38.113,38.154,38.113,38.143,1010000
2011-08-05T19:45:00+00:00,38.132,38.144,38.128,38.144,1410000
2011-08-05T19:46:00+00:00,38.154,38.164,38.116,38.144,2150000
2011-08-05T19:47:00+00:00,38.134,38.154,38.133,38.141,610000
2011-08-05T19:48:00+00:00,38.153,38.164,38.149,38.152,830000
2011-08-05T19:49:00+00:00,38.164,38.174,38.155,38.155,780000
2011-08-05T19:50:00+00:00,38.156,38.185,38.133,38.141,1430000
2011-08-05T19:51:00+00:00,38.153,38.184,38.133,38.16,1830000
2011-08-05T19:52:00+00:00,38.153,38.184,38.143,38.174,1210000
2011-08-05T19:53:00+00:00,38.174,38.204,38.172,38.193,690000
2011-08-05T19:54:00+00:00,38.184,38.194,38.178,38.193,1030000
2011-08-05T19:55:00+00:00,38.193,38.204,38.183,38.203,970000
2011-08-05T19:56:00+00:00,38.199,38.214,38.193,38.203,950000
2011-08-05T19:57:00+00:00,38.203,38.264,38.203,38.255,1460000
2011-08-05T19:58:00+00:00,38.254,38.334,38.253,38.313,2130000
2011-08-05T19:59:00+00:00,38.313,38.314,38.244,38.293,1580000
2011-08-05T20:00:00+00:00,38.284,38.294,38.27,38.27,520000
2011-08-05T20:01:00+00:00,38.27,38.294,38.27,38.294,640000
2011-08-05T20:02:00+00:00,38.293,38.293,38.268,38.268,750000
2011-08-05T20:03:00+00:00,38.257,38.257,38.243,38.248,600000
2011-08-05T20:04:00+00:00,38.274,38.274,38.243,38.274,1090000
2011-08-05T20:05:00+00:00,38.274,38.294,38.273,38.294,1360000
2011-08-05T20:06:00+00:00,38.297,38.304,38.263,38.263,710000
2011-08-05T20:07:00+00:00,38.263,38.263,38.263,38.263,50000
2011-08-05T20:08:00+00:00,38.263,38.275,38.263,38.274,470000
2011-08-05T20:09:00+00:00,38.273,38.285,38.273,38.275,340000
2011-08-05T20:10:00+00:00,38.275,38.285,38.275,38.278,240000
2011-08-05T20:11:00+00:00,38.273,38.273,38.273,38.273,60000
2011-08-05T20:12:00+00:00,38.273,38.285,38.273,38.281,480000
2011-08-05T20:13:00+00:00,38.281,38.283,38.28,38.283,160000
2011-08-05T20:14:00+00:00,38.283,38.283,38.283,38.283,20000
2011-08-05T20:15:00+00:00,38.274,38.284,38.273,38.273,450000
2011-08-05T20:16:00+00:00,38.273,38.314,38.273,38.274,1670000
2011-08-05T20:17:00+00:00,38.274,38.303,38.273,38.273,2120000
2011-08-05T20:18:00+00:00,38.273,38.304,38.269,38.274,1870000
2011-08-05T20:19:00+00:00,38.273,38.294,38.263,38.273,2060000
2011-08-05T20:20:00+00:00,38.274,38.294,38.264,38.283,1790000
2011-08-05T20:21:00+00:00,38.275,38.284,38.275,38.277,340000
2011-08-05T20:22:00+00:00,38.283,38.303,38.283,38.288,450000
2011-08-05T20:23:00+00:00,38.288,38.293,38.288,38.293,140000
2011-08-05T20:24:00+00:00,38.303,38.304,38.293,38.294,400000
2011-08-05T20:25:00+00:00,38.294,38.304,38.294,38.302,260000
2011-08-05T20:26:00+00:00,38.303,38.303,38.303,38.303,270000
2011-08-05T20:27:00+00:00,38.304,38.314,38.304,38.31,280000
2011-08-05T20:28:00+00:00,38.312,38.316,38.31,38.316,360000
2011-08-05T20:29:00+00:00,38.316,38.318,38.316,38.317,240000
2011-08-05T20:30:00+00:00,38.313,38.313,38.313,38.313,60000
2011-08-05T20:31:00+00:00,38.324,38.325,38.324,38.325,210000
2011-08-05T20:32:00+00:00,38.323,38.323,38.323,38.323,30000
2011-08-05T20:33:00+00:00,38.323,38.324,38.323,38.323,140000
2011-08-05T20:34:00+00:00,38.324,38.324,38.324,38.324,60000
2011-08-05T20:35:00+00:00,38.324,38.324,38.317,38.321,250000
2011-08-05T20:36:00+00:00,38.321,38.324,38.321,38.324,280000
2011-08-05T20:37:00+00:00,38.326,38.344,38.326,38.344,390000
2011-08-05T20:38:00+00:00,38.344,38.346,38.343,38.346,230000
2011-08-05T20:39:00+00:00,38.354,38.363,38.354,38.363,230000
2011-08-05T20:40:00+00:00,38.363,38.365,38.358,38.358,280000
2011-08-05T20:41:00+00:00,38.358,38.36,38.355,38.357,340000
2011-08-05T20:42:00+00:00,38.357,38.357,38.353,38.353,100000
2011-08-05T20:43:00+00:00,38.353,38.354,38.346,38.354,170000
2011-08-05T20:44:00+00:00,38.353,38.354,38.353,38.354,120000
2011-08-05T20:45:00+00:00,38.354,38.354,38.344,38.344,260000
2011-08-05T20:46:00+00:00,38.353,38.353,38.353,38.353,90000
2011-08-05T20:47:00+00:00,38.354,38.355,38.334,38.355,220000
2011-08-05T20:48:00+00:00,38.364,38.367,38.364,38.367,440000
2011-08-05T20:49:00+00:00,38.363,38.373,38.363,38.365,430000
2011-08-05T20:50:00+00:00,38.364,38.384,38.36,38.363,530000
2011-08-05T20:51:00+00:00,38.364,38.373,38.364,38.364,230000
2011-08-05T20:52:00+00:00,38.363,38.363,38.363,38.363,20000
2011-08-05T20:53:00+00:00,38.345,38.373,38.345,38.364,190000
2011-08-05T20:54:00+00:00,38.354,38.354,38.353,38.353,330000
2011-08-05T20:55:00+00:00,38.354,38.354,38.327,38.327,440000
2011-08-05T20:56:00+00:00,38.327,38.327,38.327,38.327,80000
2011-08-05T20:57:00+00:00,38.326,38.326,38.324,38.325,180000
2011-08-05T20:58:00+00:00,38.327,38.329,38.327,38.329,80000
2011-08-05T20:59:00+00:00,38.331,38.331,38.327,38.327,14000