condition,extra party,extra party,extra party,extra party,extra party,takeover,takeover,takeover,takeover,takeover
version,gain,gain + you,loss,loss + you,real,gain,gain + you,loss,loss + you,real
id,,,,,,,,,,
p230_quote_5_lacs,5.0,5.0,5.0,5.0,5.0,5.0,4.0,4.0,5.0,5.0
p231_how_wide_1_lac,5.0,5.0,5.0,5.0,5.0,5.0,5.0,5.0,5.0,5.0
p231_spread_schedule,5.0,5.0,5.0,5.0,0.0,5.0,5.0,5.0,5.0,0.0
p232_too_tight,3.0,1.0,5.0,4.0,0.0,0.0,5.0,2.0,1.0,0.0
p233_7c_10c,0.0,2.0,0.0,5.0,0.0,0.0,1.0,0.0,4.0,0.0
p234_inline_with_u,5.0,3.0,5.0,5.0,4.0,5.0,5.0,5.0,5.0,5.0
p235_3_bucks_10_cents,5.0,5.0,5.0,5.0,5.0,5.0,5.0,5.0,5.0,5.0
p236_800k_slv,0.0,1.0,5.0,2.0,5.0,0.0,1.0,5.0,0.0,5.0
p237_client_order_3_lac,5.0,5.0,5.0,5.0,5.0,5.0,5.0,5.0,5.0,5.0
p238_pass_it_on_to_custys,0.0,0.0,1.0,2.0,0.0,0.0,2.0,0.0,0.0,0.0
p239_just_be_wide,0.0,0.0,0.0,1.0,0.0,0.0,0.0,0.0,0.0,0.0
p240_just_quote_wider,4.0,3.0,5.0,5.0,3.0,4.0,0.0,5.0,4.0,1.0
p241_shading,5.0,5.0,5.0,5.0,4.0,5.0,5.0,5.0,5.0,5.0
p242_basically_15cents,5.0,2.0,5.0,5.0,3.0,4.0,3.0,4.0,5.0,4.0
p250_grow_our_mafia,5.0,5.0,5.0,2.0,5.0,5.0,5.0,5.0,2.0,5.0
p251_all_the_reinforcement,3.0,5.0,5.0,5.0,4.0,5.0,5.0,5.0,4.0,5.0
p251_call_reinforcement,0.0,0.0,0.0,1.0,0.0,0.0,0.0,0.0,1.0,3.0
p252_pebble_avalanche,5.0,5.0,3.0,5.0,5.0,5.0,2.0,2.0,5.0,5.0
p252_screw_other_people_harder,,,5.0,5.0,,5.0,5.0,5.0,5.0,5.0
p253_11_oclock_rule,4.0,5.0,4.0,4.0,4.0,5.0,5.0,5.0,5.0,5.0
p254_trading_church,1.0,1.0,1.0,0.0,0.0,4.0,5.0,3.0,2.0,5.0
p255_321_boom,0.0,1.0,0.0,0.0,1.0,4.0,0.0,0.0,0.0,4.0
p256_blade_help,0.0,2.0,0.0,0.0,0.0,1.0,1.0,0.0,0.0,0.0
p257_blade_hold_it_up,5.0,4.0,4.0,5.0,5.0,4.0,4.0,5.0,3.0,5.0
p258_muscle,5.0,1.0,1.0,5.0,5.0,5.0,5.0,3.0,3.0,5.0
p259_double_dragon,0.0,3.0,2.0,0.0,0.0,5.0,5.0,5.0,5.0,5.0
p260_jobbing,5.0,5.0,5.0,5.0,5.0,5.0,5.0,5.0,5.0,5.0
p263_did_u_see_the_spoof,0.0,0.0,0.0,1.0,0.0,0.0,0.0,0.0,0.0,0.0
p263_maybe_spoofing,4.0,5.0,3.0,4.0,2.0,5.0,5.0,5.0,5.0,5.0
p265_on_the_quiet,4.0,2.0,0.0,3.0,2.0,4.0,5.0,2.0,5.0,4.0
p266_slowly_mount_up,5.0,5.0,5.0,5.0,4.0,5.0,5.0,5.0,5.0,2.0
p274_mother_of_all_chats,5.0,5.0,5.0,5.0,5.0,5.0,5.0,5.0,5.0,5.0
p276_good_names_selling,5.0,5.0,5.0,5.0,5.0,5.0,5.0,4.0,5.0,5.0
p277_chinese_buying,5.0,5.0,5.0,4.0,5.0,5.0,5.0,5.0,5.0,5.0
p278_give_me_a_call,1.0,4.0,5.0,5.0,4.0,2.0,5.0,5.0,5.0,5.0
p279_last_price_chinese_paid,4.0,5.0,5.0,5.0,4.0,5.0,5.0,5.0,5.0,5.0
p281_feel_like_shorting,5.0,2.0,0.0,0.0,1.0,5.0,3.0,0.0,0.0,5.0
p282_gun_to_ur_head,5.0,5.0,4.0,5.0,3.0,5.0,5.0,5.0,5.0,2.0
p283_long_over_the_weekend,5.0,5.0,3.0,5.0,4.0,5.0,5.0,2.0,5.0,2.0
p284_stopped_at_ur_level,5.0,5.0,5.0,5.0,1.0,5.0,5.0,5.0,4.0,0.0
p285_its_a_gag,1.0,2.0,0.0,0.0,3.0,0.0,5.0,0.0,0.0,4.0
p286_our_view,5.0,5.0,5.0,5.0,5.0,5.0,5.0,5.0,5.0,5.0
p288_same_wavelength,5.0,5.0,5.0,5.0,5.0,4.0,5.0,5.0,5.0,5.0
p289_2m_to_sell,0.0,4.0,0.0,0.0,0.0,0.0,2.0,0.0,0.0,0.0
p290_squeezed_out_of_them,3.0,5.0,0.0,0.0,1.0,0.0,0.0,0.0,0.0,0.0
p291_short_4k,3.0,1.0,0.0,5.0,4.0,5.0,2.0,1.0,5.0,5.0
p292_stay_away,0.0,0.0,1.0,0.0,0.0,1.0,0.0,3.0,0.0,0.0
p294_the_rule,0.0,1.0,0.0,0.0,1.0,2.0,5.0,1.0,0.0,1.0
p295_one_team_one_dream,5.0,5.0,5.0,5.0,5.0,5.0,5.0,5.0,3.0,5.0
p296_small_seller,5.0,5.0,5.0,5.0,5.0,5.0,5.0,5.0,5.0,5.0
p297_sell_70s_together,5.0,3.0,5.0,4.0,5.0,5.0,5.0,5.0,4.0,5.0
p298_tell_everyone,0.0,0.0,0.0,0.0,0.0,0.0,1.0,0.0,0.0,0.0
p299_us_again_buyer,5.0,5.0,4.0,4.0,5.0,5.0,4.0,4.0,5.0,5.0
p300_bulldozer,3.0,4.0,0.0,2.0,2.0,5.0,5.0,1.0,4.0,5.0
p301_no_remorse,5.0,5.0,5.0,5.0,5.0,5.0,5.0,5.0,5.0,5.0
p303_new_highs_coming,4.0,2.0,1.0,0.0,0.0,3.0,3.0,0.0,3.0,2.0
p306_your_supposed_to_tell_us,5.0,5.0,5.0,5.0,3.0,5.0,5.0,5.0,5.0,4.0
p307_boring_the_mkt,3.0,5.0,3.0,3.0,5.0,5.0,5.0,5.0,4.0,5.0
p309_wanna_push_silver,3.0,5.0,1.0,1.0,0.0,2.0,5.0,1.0,3.0,1.0
p310_smash_it_together,4.0,4.0,3.0,5.0,0.0,5.0,5.0,5.0,5.0,5.0
p311_smashed_it_good,5.0,5.0,5.0,4.0,5.0,5.0,5.0,5.0,5.0,5.0
p315_big_silver_level,2.0,3.0,3.0,2.0,5.0,0.0,1.0,1.0,1.0,1.0
p315_tell_me_stops,5.0,5.0,4.0,2.0,4.0,5.0,5.0,5.0,5.0,5.0
p315_where_are_your_stops,5.0,5.0,5.0,4.0,5.0,5.0,5.0,5.0,4.0,5.0
p316_bust_through_it,5.0,4.0,3.0,5.0,3.0,5.0,5.0,5.0,5.0,5.0
p317_stop_busters,0.0,0.0,0.0,0.0,1.0,0.0,0.0,0.0,0.0,4.0
p318_fun_trick,0.0,5.0,2.0,5.0,5.0,0.0,3.0,5.0,5.0,5.0
p320_push_that_sucka_thru,2.0,5.0,4.0,2.0,4.0,2.0,4.0,5.0,5.0,4.0
p321_selling_buddies,5.0,5.0,5.0,5.0,5.0,5.0,5.0,5.0,5.0,5.0
p322_suck_ppl_back_in,5.0,5.0,3.0,2.0,5.0,5.0,5.0,5.0,1.0,5.0
p326_until_i_could_front_run,2.0,2.0,0.0,4.0,2.0,0.0,1.0,0.0,3.0,0.0
p344_i_can_hunt_with_u,5.0,5.0,4.0,0.0,5.0,5.0,5.0,4.0,0.0,4.0
p362_everything_stays_here,5.0,5.0,5.0,5.0,5.0,5.0,5.0,5.0,5.0,5.0
